"","V1"
"1",0.000222521750126003
"2",0.000456149817607087
"3",0.000631716083296213
"4",0.000459351951953496
"5",0.000283971850604652
"6",0.000434084287555327
"7",0.00196803649874786
"8",0.00236426935413104
"9",0.0018082450167234
"10",0.0010763438831423
"11",0.00054587571091732
"12",0.00103754899757333
"13",0.00497899658972866
"14",0.00966925950715569
"15",0.0144013665286835
"16",0.0142198331090314
"17",0.00764933386198162
"18",0.00272594737122503
"19",0.000935539443163642
"20",0.000338202835472372
"21",0.000882141609175966
"22",0.00841028652480733
"23",0.0242540011987946
"24",0.0375774080549996
"25",0.05284259212036
"26",0.0905184153980328
"27",0.141927507597532
"28",0.0497675856395197
"29",0.01455299583363
"30",0.00439111099137591
"31",0.00133872382486069
"32",0.000418862407618988
"33",0.00112140694787918
"34",0.00233759188398536
"35",0.00394077290672187
"36",0.0112732479507367
"37",0.038247303189962
"38",0.118343507786929
"39",0.236641662371289
"40",0.216466684666571
"41",0.164201269200985
"42",0.16065263518403
"43",0.24494423520736
"44",0.230420564039727
"45",0.0609932688032615
"46",0.0245981693321516
"47",0.00997878019926903
"48",0.00371990941732579
"49",0.00131093482098993
"50",0.000444475040988519
"51",0.000524385628732508
"52",0.00237332459835157
"53",0.00609724103236795
"54",0.0194571412362135
"55",0.0632127150924748
"56",0.095440165542172
"57",0.161993262263345
"58",0.288848884141976
"59",0.464310708766006
"60",0.61779445866957
"61",0.788648173953596
"62",0.936098039287903
"63",0.7043440945725
"64",0.443378010210203
"65",0.396812942569235
"66",0.488504368745333
"67",0.263226905998645
"68",0.076733789563053
"69",0.0322102870593843
"70",0.0149647345289463
"71",0.0071427327634038
"72",0.00316174305326114
"73",0.0012996612308613
"74",0.000502827389811336
"75",0.000850832723106204
"76",0.00310856842145577
"77",0.0171662419712758
"78",0.0640153892734742
"79",0.123070440986667
"80",0.301831169523892
"81",0.711716241299495
"82",0.861406870768241
"83",0.928197982564474
"84",0.86845708698046
"85",0.991819408328857
"86",1.15744344992748
"87",1.21789027077811
"88",1.42352648459493
"89",1.14131579320012
"90",0.875180463475638
"91",0.787527943606674
"92",0.590115176681101
"93",0.232154154606473
"94",0.0886752043921491
"95",0.0394925762565685
"96",0.0195528051463269
"97",0.0103211808796739
"98",0.00553709716739831
"99",0.00273449117611578
"100",0.00127220399359834
"101",0.000581641533760006
"102",0.00057016275494403
"103",0.00629466890060319
"104",0.0226806922033743
"105",0.0492903908851266
"106",0.14727067199201
"107",0.41478515498415
"108",0.648969899730786
"109",1.02259853392153
"110",1.30092129105501
"111",1.46113611731841
"112",1.42483016471004
"113",1.15301469429098
"114",1.15591759028909
"115",1.39604786360614
"116",1.45776958469054
"117",1.63007342495821
"118",1.63890864927657
"119",1.36390097710659
"120",0.941065793107235
"121",0.499394784214188
"122",0.220547270037516
"123",0.0982921464571857
"124",0.0468088454496571
"125",0.0242566268588621
"126",0.0136225375473466
"127",0.00802253174732434
"128",0.00479146966398749
"129",0.00271811850344355
"130",0.00134920377238273
"131",0.000619882401002881
"132",0.00098391698805824
"133",0.00570037926629455
"134",0.0369504996717513
"135",0.170391694008638
"136",0.350540408488199
"137",0.49703591238593
"138",0.62904107857384
"139",0.989801718517182
"140",1.12247057288859
"141",1.40443316654693
"142",1.53397675607091
"143",1.55311267442822
"144",1.60098520356168
"145",1.34556909262932
"146",1.2863808786324
"147",1.43358003586508
"148",1.5869497910872
"149",1.74738003583288
"150",1.60624402450243
"151",1.22410785659258
"152",0.792650514324651
"153",0.431225288169484
"154",0.208138590354948
"155",0.103692664456465
"156",0.0540748619219568
"157",0.0295578221958854
"158",0.0173735049656392
"159",0.0107682488456747
"160",0.00690567450537202
"161",0.004374036291094
"162",0.0025412628481285
"163",0.00126299210270697
"164",0.000618538368557066
"165",0.00695751639244647
"166",0.00107288389181871
"167",0.00983018137421404
"168",0.117119446860026
"169",0.400131869795029
"170",0.797228872544338
"171",1.13061807463507
"172",1.15255476724327
"173",1.39034388142516
"174",1.69565804282616
"175",1.63645728480315
"176",1.55312485081409
"177",1.65518607761208
"178",1.44283374959484
"179",1.52677065901502
"180",1.3717344600072
"181",1.35612468182264
"182",1.39096455753909
"183",1.55468452239728
"184",1.79234416325647
"185",1.59137757809267
"186",1.05836725694993
"187",0.667312857565296
"188",0.387222412657192
"189",0.207733396296897
"190",0.114283077107454
"191",0.0642568850050631
"192",0.0367408193557181
"193",0.0222205501892937
"194",0.0141906305499044
"195",0.00943177715244994
"196",0.00630061468725849
"197",0.00405459381656564
"198",0.00230343040112746
"199",0.00112799078244584
"200",0.00503004396026076
"201",0.0646295552650146
"202",0.046868776338587
"203",0.00750843379148527
"204",0.00349246123570067
"205",0.00143227353539725
"206",0.000975834825093109
"207",0.00444462670686597
"208",0.036633937552049
"209",0.207400156085793
"210",0.734575680743128
"211",1.35041780620466
"212",1.64250409583012
"213",1.78688220769315
"214",1.9794886561601
"215",1.97104850771375
"216",1.80214939581608
"217",1.51002272275835
"218",1.63202692817867
"219",1.36757901174495
"220",1.36859397517503
"221",1.28053075730799
"222",1.28195116194997
"223",1.38475716094621
"224",1.63578600662447
"225",1.6762714133356
"226",1.47017331498153
"227",1.01148183465448
"228",0.627755678669547
"229",0.388961861482188
"230",0.232136896369804
"231",0.136623594474849
"232",0.0815789592665285
"233",0.048733067113185
"234",0.0299125866382596
"235",0.0189914809421114
"236",0.012690506276405
"237",0.00873972095874343
"238",0.0058446611077882
"239",0.0035593471569188
"240",0.00180760285120059
"241",0.000826820057744727
"242",0.0042034472180427
"243",0.00771661415857953
"244",0.0169990598745285
"245",0.024807300431643
"246",0.0289674570760228
"247",0.0234766968439889
"248",0.0230722266354308
"249",0.0109929045550825
"250",0.00542721723995652
"251",0.00319289887870818
"252",0.0404641947246625
"253",0.222552772234585
"254",0.375534949388887
"255",0.243971354076728
"256",0.0506382638254245
"257",0.0383067787166176
"258",0.060754612999273
"259",0.223528162796368
"260",0.531228994290546
"261",0.852074765173142
"262",1.49565584139287
"263",1.95561667265518
"264",2.13414661541559
"265",2.11791847292072
"266",1.95686892974142
"267",1.62653863772766
"268",1.33612772321412
"269",1.47511037252459
"270",1.24966588458602
"271",1.18288841053377
"272",1.05789000821841
"273",1.13920645309124
"274",1.41442200508113
"275",1.7852251230476
"276",1.65336300452095
"277",1.33428984891061
"278",0.978029619531105
"279",0.650245742646473
"280",0.4274092442167
"281",0.279875721368525
"282",0.176415840894487
"283",0.10916125487767
"284",0.0662828831960648
"285",0.0409817577456943
"286",0.0262253073055015
"287",0.0172616928622449
"288",0.01175781044197
"289",0.00774979247536959
"290",0.00470258646201149
"291",0.00251047885440639
"292",0.0011584529081075
"293",0.0111912925098657
"294",0.0548215090323507
"295",0.169090875849824
"296",0.186092301615549
"297",0.268333631938868
"298",0.28618653975079
"299",0.437309623278695
"300",0.467820040128511
"301",0.345836324412177
"302",0.182110589370861
"303",0.110451812212838
"304",0.0754399863964157
"305",0.083029693313951
"306",0.0529138546757036
"307",0.0214340136426152
"308",0.0111821325410668
"309",0.00650453714863404
"310",0.0192367974845533
"311",0.248761142119638
"312",0.722574613379406
"313",0.715991121959561
"314",0.397311017824048
"315",0.28865866985033
"316",0.329327411466723
"317",0.563636740304056
"318",1.18254243828142
"319",1.56649212088101
"320",1.68900493657276
"321",1.82403680449302
"322",1.97695913339909
"323",2.00925405877638
"324",1.84060960359672
"325",1.42922373370326
"326",1.17110720271858
"327",1.1856680666272
"328",1.05750804167098
"329",0.952441971373893
"330",0.906060096602565
"331",1.04715960929097
"332",1.31068907702877
"333",1.74336681716199
"334",1.72997657877627
"335",1.37249190788614
"336",1.02992830166602
"337",0.748875635710345
"338",0.524997905190673
"339",0.362223307414086
"340",0.244953554104291
"341",0.160468549393052
"342",0.100563385399372
"343",0.0618188976909144
"344",0.0388836238112093
"345",0.0242797767290481
"346",0.0154080059864028
"347",0.00994748544008661
"348",0.00624019230979651
"349",0.00353670771361369
"350",0.0017613314566644
"351",0.000886568409736614
"352",0.00752317918105284
"353",0.0315534843707979
"354",0.108366831561493
"355",0.484700132583723
"356",0.757186645282336
"357",0.584028410436747
"358",0.674049321147211
"359",1.0071795122289
"360",1.16564514813615
"361",1.06499937224215
"362",0.835821458332116
"363",0.650414794640674
"364",0.444907316410559
"365",0.214243323956895
"366",0.15194546854985
"367",0.099386835057048
"368",0.0568794190976427
"369",0.0704887819870894
"370",0.0607507230314144
"371",0.0274835791932865
"372",0.0240876998216904
"373",0.00904573951616675
"374",0.00201452369633852
"375",0.00266647011333415
"376",0.00632161430526068
"377",0.056925085864701
"378",0.504299360319158
"379",1.17840201579592
"380",1.40243748590184
"381",1.11034858629282
"382",0.746641333405243
"383",0.870914332091398
"384",1.22105680688265
"385",1.5175086331924
"386",2.03131370553776
"387",2.16394880698446
"388",1.85032183886148
"389",1.67754879348604
"390",1.65712447057612
"391",1.56599879674148
"392",1.2660668287804
"393",1.02792152401233
"394",0.980960679648546
"395",0.870006569782056
"396",0.785270089391032
"397",0.796169651394428
"398",0.917819519209532
"399",1.05972093658283
"400",1.28852830301941
"401",1.68238970607906
"402",1.49644099425582
"403",1.24643430965082
"404",0.986898758884771
"405",0.73041844854858
"406",0.516429558684305
"407",0.360410434771433
"408",0.242738037015685
"409",0.15683843426331
"410",0.0999124567747006
"411",0.0611432760397099
"412",0.0369463323941457
"413",0.0224107999825276
"414",0.0137194193783101
"415",0.00858678092444466
"416",0.00512059065767995
"417",0.00272050588228662
"418",0.00135569700988043
"419",0.0123647531089971
"420",0.050629459566761
"421",0.155063355935473
"422",0.472906504721263
"423",0.847019184393811
"424",1.3861026783068
"425",1.30378324573063
"426",1.45266468184569
"427",1.5747020014523
"428",1.57933866770202
"429",1.40177364889919
"430",1.10827175323491
"431",1.01408339456589
"432",0.894145841686835
"433",0.76051805671807
"434",0.651552087046636
"435",0.630986041242564
"436",0.391628600703805
"437",0.221107015950799
"438",0.163518480558815
"439",0.335539707891838
"440",0.152303963095241
"441",0.116022989927317
"442",0.0235244774174677
"443",0.0101909373488177
"444",0.00514171185260643
"445",0.0040668549169316
"446",0.00186103844616811
"447",0.00200308572635286
"448",0.00187029480738686
"449",0.00313429003684808
"450",0.0246004802248431
"451",0.0139769088938534
"452",0.00995065095957399
"453",0.0046150792468896
"454",0.00281602963348527
"455",0.00222845738832842
"456",0.00610776358747769
"457",0.0161777127170029
"458",0.0599105841750674
"459",0.13603228469276
"460",0.55729090137038
"461",1.43982495646753
"462",1.89548406712704
"463",1.89679122029787
"464",1.36453360091226
"465",1.44771622534564
"466",2.1478344324868
"467",2.08027243553476
"468",2.02447264876201
"469",2.12259833504119
"470",1.85346995752287
"471",1.49690883164144
"472",1.34128435625557
"473",1.26183472991148
"474",1.07931152561538
"475",0.876601774780566
"476",0.815941424261654
"477",0.749511727719485
"478",0.688269864077401
"479",0.718244881490546
"480",0.778820828996683
"481",0.825746864979234
"482",0.826682547739135
"483",1.16243327529263
"484",1.65193366687317
"485",1.66963949783756
"486",1.44632136039686
"487",1.09089712609497
"488",0.769724856113378
"489",0.543715709122204
"490",0.379215465458734
"491",0.258865364223302
"492",0.173800257063388
"493",0.108732873622303
"494",0.0658488048031579
"495",0.0379460590360351
"496",0.0221152897343068
"497",0.0132244594493352
"498",0.00792366408133525
"499",0.00444557730196307
"500",0.00217169365707152
"501",0.00114490999153203
"502",0.0172920735671006
"503",0.07355871227029
"504",0.169962510935479
"505",0.358024069483975
"506",0.956133581102101
"507",1.20105289707729
"508",1.81542651382916
"509",1.84534785959105
"510",1.71221684046061
"511",1.66247987165413
"512",1.61955416532493
"513",1.51078678073602
"514",1.38679450790025
"515",1.17072505324208
"516",1.03100448904384
"517",1.02156658797575
"518",0.998583784181232
"519",0.846625786351987
"520",0.793265521339643
"521",0.684955226808042
"522",0.466284081427141
"523",0.560733489058542
"524",0.460094049426037
"525",0.361955843595493
"526",0.184348377400777
"527",0.163596616111361
"528",0.052094971249573
"529",0.00903469569762036
"530",0.00399132978756443
"531",0.00417282839520554
"532",0.00459009804333999
"533",0.00202500857600757
"534",0.00237904842193269
"535",0.0129943707668951
"536",0.0328466255675668
"537",0.145712817246022
"538",0.128284871611781
"539",0.0766698094671837
"540",0.0674735984540395
"541",0.0292507859784711
"542",0.0451612699777251
"543",0.0295311290120691
"544",0.0138456290243125
"545",0.00758717450173546
"546",0.00358962588067265
"547",0.00687187570415138
"548",0.0210624035898459
"549",0.00826538419296311
"550",0.00404635542611467
"551",0.0120678522343831
"552",0.0056364361107687
"553",0.00441851882075702
"554",0.00522135887213569
"555",0.00878274469564268
"556",0.0198939714870796
"557",0.00853328298970027
"558",0.00789125955041094
"559",0.0145375286108486
"560",0.0278288214257933
"561",0.0464059650977691
"562",0.0712929213716421
"563",0.0959212752786628
"564",0.124343917488457
"565",0.36514268946754
"566",0.621827491334745
"567",0.703437862517064
"568",1.22710188098728
"569",1.95192366850157
"570",2.3726752024321
"571",1.96278020997094
"572",1.79892654144496
"573",2.40811762550944
"574",2.69387097161986
"575",2.33415940073378
"576",1.8215735725838
"577",1.51806596566011
"578",1.28199268971008
"579",1.06668132486691
"580",0.946798149470078
"581",0.859583139003219
"582",0.752557019044556
"583",0.682680153988742
"584",0.641514997544429
"585",0.621448603110157
"586",0.637107869321019
"587",0.674481817750124
"588",0.688070018898602
"589",0.666568092399846
"590",0.748601264886488
"591",1.49332053297812
"592",2.21654908798329
"593",2.23735507034929
"594",1.71690692109137
"595",1.19255009616874
"596",0.83005699679154
"597",0.592187365099516
"598",0.431443654188765
"599",0.308893744521695
"600",0.206870330876511
"601",0.133928915374663
"602",0.0803508273863314
"603",0.0457044143814645
"604",0.0255274362995685
"605",0.0144727584678009
"606",0.00809457379554535
"607",0.0041997534514139
"608",0.00201296103647951
"609",0.0162140581893544
"610",0.0932322363589393
"611",0.227611978069033
"612",0.363138049744052
"613",0.652154055367253
"614",1.2056932702637
"615",1.67208579641774
"616",1.78298375623958
"617",1.81632762433489
"618",1.59090568801972
"619",1.51035437865398
"620",1.48780429292001
"621",1.37910689318661
"622",1.33246242025909
"623",1.27386476243518
"624",1.19014404166071
"625",1.11790408183023
"626",1.00388050571418
"627",0.989822736836374
"628",1.15037443631322
"629",1.0960301746623
"630",0.807676689969946
"631",0.862924112545009
"632",0.87818947296733
"633",0.612930252650213
"634",0.445144129485476
"635",0.279860693456881
"636",0.204888336293017
"637",0.0774189133427549
"638",0.0604747071669739
"639",0.0467349452897262
"640",0.0253772050972816
"641",0.0243026636352337
"642",0.0481342070977144
"643",0.202326135053486
"644",0.485648348374362
"645",0.419977074706169
"646",0.260321722524131
"647",0.25118638375197
"648",0.139315698922513
"649",0.14785822081738
"650",0.167291995306981
"651",0.257886724231255
"652",0.270070203727204
"653",0.222300710100284
"654",0.202871968651051
"655",0.261457831427228
"656",0.19346279532571
"657",0.178866260718846
"658",0.100474270688355
"659",0.0741123704620996
"660",0.054350402890257
"661",0.165305884429832
"662",0.243254908133952
"663",0.107768491643877
"664",0.112608072516692
"665",0.221974382174539
"666",0.244838234062338
"667",0.264713240340009
"668",0.368013489859792
"669",0.358827278517612
"670",0.352194723646776
"671",0.508131486307775
"672",0.466002921401503
"673",0.680055556727922
"674",1.06860729315692
"675",0.940192137595158
"676",1.29503215629964
"677",2.00034643596725
"678",2.56292222310574
"679",2.45591677354453
"680",2.10989494205227
"681",2.25706365113631
"682",2.58006723934808
"683",2.48560567325424
"684",1.83462465676253
"685",1.34424509830098
"686",1.0272964593225
"687",0.846082044108886
"688",0.775360526454138
"689",0.717713410942148
"690",0.647676437284517
"691",0.604038125400764
"692",0.56512154115146
"693",0.547227841421067
"694",0.558237683333882
"695",0.567138019271211
"696",0.577601543437381
"697",0.610998599005036
"698",0.704746575775976
"699",0.935731675218026
"700",1.42709883294435
"701",1.95035402190247
"702",1.98757240256075
"703",1.8431157952739
"704",1.38848892347385
"705",0.905491942542819
"706",0.686283214009739
"707",0.548196772023537
"708",0.411063516922415
"709",0.294149465001086
"710",0.195791754175514
"711",0.116789496226173
"712",0.0657729386865739
"713",0.035314460573802
"714",0.0190920880160414
"715",0.0102331866545733
"716",0.0051049640357749
"717",0.00229384383373883
"718",0.00865025254788664
"719",0.0626808347926729
"720",0.232180807998042
"721",0.476378240869027
"722",0.665693575875155
"723",1.02121000969968
"724",1.07426143491617
"725",1.50358392503425
"726",1.66399213878829
"727",1.65582124776501
"728",1.5683019412637
"729",1.44492656095378
"730",1.37050151310728
"731",1.27559105459087
"732",1.19882772894082
"733",1.19000998350018
"734",1.1641919387474
"735",1.1173020833983
"736",1.05760565134297
"737",1.10824713197022
"738",1.19690841715714
"739",1.12188945722858
"740",1.00282528101784
"741",0.951708107131295
"742",0.963222699966737
"743",0.797693521736435
"744",0.647486409887531
"745",0.400214906571877
"746",0.267768012775168
"747",0.253247748238183
"748",0.274872975087417
"749",0.20152592651625
"750",0.149986471415889
"751",0.247690080991995
"752",0.465929439558995
"753",0.68926077547095
"754",0.964741992818371
"755",0.730299350549392
"756",0.3760069404359
"757",0.402433233078054
"758",0.530428608506498
"759",0.439718266637314
"760",0.447976819616001
"761",0.763704835342958
"762",0.76682509627566
"763",0.608409580514941
"764",1.19657449571201
"765",1.97389714959146
"766",0.931614905586979
"767",0.745859243290021
"768",0.829212100970684
"769",0.531639040939154
"770",0.42831170237588
"771",0.718211648287067
"772",0.804606596513315
"773",0.738247396960291
"774",0.626396432401086
"775",1.24934514784724
"776",1.32215887101296
"777",0.831359204238646
"778",0.840904282546009
"779",0.69781780179378
"780",0.757973452322344
"781",1.06465361405559
"782",1.01707325338696
"783",1.36429315108213
"784",1.58589928504831
"785",1.68638413345348
"786",1.73763214477199
"787",1.90468690520221
"788",2.31449592893658
"789",2.56772568432299
"790",2.33561880783353
"791",2.00630506142953
"792",2.06860817852298
"793",2.05864280338214
"794",1.67555254278937
"795",1.21712854875069
"796",0.897747198168614
"797",0.732178724992478
"798",0.690399630173948
"799",0.649319244938688
"800",0.584056996667416
"801",0.556917025757088
"802",0.527042339176095
"803",0.499654405058461
"804",0.493021954665718
"805",0.492956181830436
"806",0.502120499620059
"807",0.549815319156557
"808",0.645308830361121
"809",0.783829696227702
"810",0.945737163999007
"811",0.953298919073599
"812",0.866620955959548
"813",0.917346184860318
"814",1.27409729779694
"815",1.43157205252867
"816",0.989203339854142
"817",0.856643333797899
"818",0.73177250699135
"819",0.583965376166815
"820",0.428202960775951
"821",0.275595897558875
"822",0.165257395132937
"823",0.0932221350652418
"824",0.0493434653811756
"825",0.0255182753196914
"826",0.0129940856296542
"827",0.0059277317207231
"828",0.0025495697339438
"829",0.0392069717368375
"830",0.195246856205952
"831",0.275298831666508
"832",0.776874741564828
"833",0.931439619726647
"834",1.07193553232489
"835",0.957063222267835
"836",1.13927312434115
"837",1.47048004926713
"838",1.441986107283
"839",1.40119942133655
"840",1.27749837086138
"841",1.2475872539767
"842",1.19927364374595
"843",1.14819200224859
"844",1.10818726052692
"845",1.04392478359046
"846",1.01236280655726
"847",1.01681137322835
"848",1.00130335029222
"849",1.06019828331422
"850",1.05330179869735
"851",1.08975261171323
"852",1.03685697565325
"853",0.867599780356534
"854",0.801642481562085
"855",0.757067883595371
"856",0.852124412961694
"857",0.689369079844123
"858",0.570247894068896
"859",0.506473996420008
"860",0.430805152090762
"861",0.484400362757373
"862",0.694275240614152
"863",1.05640961892429
"864",1.06549164746337
"865",1.51093308417853
"866",1.28795163070126
"867",0.682465313744567
"868",0.940284714007897
"869",1.19601507184633
"870",1.28067560328913
"871",1.51424332534757
"872",1.31663473473078
"873",1.13413003087834
"874",1.03230854146579
"875",2.0108536671738
"876",2.04302641587838
"877",1.61554387122539
"878",1.30167982849626
"879",1.51606067977402
"880",1.7244195768392
"881",2.39589494068638
"882",1.87948066691335
"883",1.42621740037146
"884",2.29379935159645
"885",1.75408153681565
"886",1.97128289105425
"887",2.32485310312019
"888",1.39505811005568
"889",1.23493955136355
"890",0.982810880708479
"891",1.2261592728839
"892",1.77479177284275
"893",1.56750451069999
"894",2.11488001019409
"895",2.39989813124526
"896",2.32649809638769
"897",2.24078675632795
"898",2.04066302520897
"899",1.91533921322105
"900",2.09752169170197
"901",2.15308186071965
"902",1.78395075024538
"903",1.5868739283864
"904",1.56636255241319
"905",1.33964495552298
"906",1.0120017457308
"907",0.745389655550852
"908",0.613190272000182
"909",0.577689116672428
"910",0.544762495842641
"911",0.514286486774324
"912",0.523373005823765
"913",0.504726123778373
"914",0.46548186812372
"915",0.43807576101465
"916",0.432809202463436
"917",0.445157653591145
"918",0.48034880359571
"919",0.548666666619145
"920",0.631261682418682
"921",0.70764895370279
"922",0.706444805168055
"923",0.637686334456877
"924",0.57060579646983
"925",0.598783854367827
"926",1.08964138781095
"927",1.56356322517347
"928",1.35303999634967
"929",1.2651293145015
"930",1.11793227870461
"931",0.91787872306409
"932",0.662532110592029
"933",0.42262945372638
"934",0.247463198699479
"935",0.13663904352202
"936",0.0714843625196856
"937",0.0369571334684254
"938",0.0173850231060446
"939",0.00755445866501001
"940",0.00312668668995723
"941",0.00556405831960983
"942",0.0882142747564219
"943",0.319090946051642
"944",0.468808272124617
"945",0.900178940998701
"946",0.904394253274646
"947",0.973546656594031
"948",1.12101690649717
"949",1.24575490890373
"950",1.33417404599439
"951",1.28587018867952
"952",1.25009616872567
"953",1.20108266291445
"954",1.15099603300972
"955",1.10724073669265
"956",1.0756639386376
"957",1.05789182749194
"958",1.02724398384712
"959",0.992128376769524
"960",0.91885222506799
"961",1.01775868931949
"962",1.01005904358015
"963",0.897554584535378
"964",1.03037862574958
"965",0.992427888267475
"966",0.968438149359404
"967",1.03489458657558
"968",1.30313272217867
"969",1.10600458496466
"970",1.16834194164404
"971",1.01898081545511
"972",0.911608001504653
"973",0.866582806720671
"974",0.88395916508279
"975",0.882683740643416
"976",1.09433199977062
"977",1.54097271819903
"978",2.07492246707726
"979",1.92728812343253
"980",1.33389508418572
"981",1.30511014061447
"982",1.15509204056772
"983",1.15057715515743
"984",1.35113848671482
"985",1.59839423378526
"986",1.71575583484103
"987",1.98765869781102
"988",2.9500123718073
"989",2.0731884794899
"990",1.72835768880378
"991",1.57214460933234
"992",1.7389823441587
"993",2.25548150146658
"994",3.02036194914986
"995",2.23799175671267
"996",1.93927174976129
"997",3.14598437862691
"998",2.24747913171468
"999",2.41766259896362
"1000",3.07582977661286
"1001",1.94525375972971
"1002",1.54473121842397
"1003",1.49800069252705
"1004",1.68250145506849
"1005",2.34186127629666
"1006",2.55734000132858
"1007",2.09540092637831
"1008",2.16172924857116
"1009",2.51200202729775
"1010",2.52526971921171
"1011",2.26440548877424
"1012",1.77663738261716
"1013",1.6563059741749
"1014",1.65993481721995
"1015",1.47485729509188
"1016",1.2811638455582
"1017",1.25145256272973
"1018",1.11290043964644
"1019",0.871144928907231
"1020",0.674626590153968
"1021",0.533740584548858
"1022",0.490193364525893
"1023",0.48021399096295
"1024",0.495311834463608
"1025",0.496320686851227
"1026",0.488181665608885
"1027",0.447064154771401
"1028",0.405086721005521
"1029",0.388306487972318
"1030",0.395533213167424
"1031",0.417577693724188
"1032",0.457019802732092
"1033",0.504005294695608
"1034",0.543433867125577
"1035",0.555891035133313
"1036",0.536906747768931
"1037",0.497801163991139
"1038",0.475116305797171
"1039",0.520804431339752
"1040",0.981480361393628
"1041",1.79391107200269
"1042",2.4564783317452
"1043",2.43779020387812
"1044",2.00359057094261
"1045",1.36208934147901
"1046",0.860285945525687
"1047",0.530816726642361
"1048",0.326387297131681
"1049",0.188089016359706
"1050",0.100712205246737
"1051",0.0480489042804259
"1052",0.0212858995728622
"1053",0.00890302962676516
"1054",0.00348384822432035
"1055",0.00724656296610562
"1056",0.104668676141784
"1057",0.288784475471497
"1058",0.599314320148735
"1059",1.01941160776547
"1060",1.14248389674014
"1061",1.18026000750548
"1062",1.11812774800754
"1063",1.16063377540737
"1064",1.23156082063487
"1065",1.18181938304323
"1066",1.13504937007972
"1067",1.09560022315499
"1068",1.06187443382651
"1069",1.03391183222156
"1070",1.02693395322367
"1071",1.02004352627908
"1072",1.01715760978677
"1073",1.00992185257657
"1074",0.938285248801934
"1075",0.982276879458762
"1076",0.966997553961943
"1077",0.932514618710994
"1078",0.956602254155681
"1079",0.948423117423649
"1080",1.02284659433867
"1081",1.18861181251
"1082",1.57889451833431
"1083",1.61996103255449
"1084",1.42636725846799
"1085",1.11290126151526
"1086",1.05578410738687
"1087",0.919430955603684
"1088",0.965923564490139
"1089",1.17990210602578
"1090",1.74617373223814
"1091",2.12842311385102
"1092",2.21198042807946
"1093",1.76100805737036
"1094",1.34753150820887
"1095",1.37837570152955
"1096",1.42485491717938
"1097",1.87006876908282
"1098",1.9627966576124
"1099",2.45427318412212
"1100",2.68162022862862
"1101",2.87555576408936
"1102",3.35712582353166
"1103",2.593235843754
"1104",1.98549237392198
"1105",1.58071875709488
"1106",1.93710626376966
"1107",2.63430661030412
"1108",3.10080162975531
"1109",2.79762044675549
"1110",2.60296911594614
"1111",2.92582852029822
"1112",2.58969091395814
"1113",2.87492141879935
"1114",2.66341715462633
"1115",2.20501149147608
"1116",1.68276695147935
"1117",1.46130068928278
"1118",1.72294827756479
"1119",2.29729139346995
"1120",2.62777527758142
"1121",1.95331508893648
"1122",1.75824797378176
"1123",2.06573177772492
"1124",2.4512770059071
"1125",2.29176478075685
"1126",1.88372330006577
"1127",1.5881901676402
"1128",1.3600159305834
"1129",1.19205090072067
"1130",1.05933611228753
"1131",1.0206089860632
"1132",0.942715486935648
"1133",0.783568995199285
"1134",0.620093518950351
"1135",0.517107709473361
"1136",0.456550384819555
"1137",0.445135550603605
"1138",0.454563727680694
"1139",0.476712261284344
"1140",0.475001866697597
"1141",0.440370272419775
"1142",0.393307660084148
"1143",0.367834634737269
"1144",0.364149941597976
"1145",0.373478315495694
"1146",0.392260097843289
"1147",0.418805002003894
"1148",0.440959174346966
"1149",0.452032027791769
"1150",0.450389747442818
"1151",0.446616890326182
"1152",0.447304077416887
"1153",0.471854883045671
"1154",0.549098274801492
"1155",0.755869351898089
"1156",1.33481677653729
"1157",2.3888743793013
"1158",2.80218998418335
"1159",2.35960352978878
"1160",1.43078991983159
"1161",0.883667642663067
"1162",0.579872427318457
"1163",0.378279314906183
"1164",0.225126230656114
"1165",0.116573573981025
"1166",0.0537183068240064
"1167",0.0220818405906602
"1168",0.00823316876199994
"1169",0.00310885940556649
"1170",0.00462323781026938
"1171",0.10605035725277
"1172",0.318165101999275
"1173",0.67179732260956
"1174",1.04098028398373
"1175",1.34264728955071
"1176",1.31396245041947
"1177",1.20095705176987
"1178",1.15150301215378
"1179",1.12282709206693
"1180",1.06714493071431
"1181",1.0181554636498
"1182",0.99286275170218
"1183",0.990952659389272
"1184",1.00553482881453
"1185",1.02620461710591
"1186",1.03133679815269
"1187",1.03369597137856
"1188",1.04666184621832
"1189",0.997349074465865
"1190",0.954091456599914
"1191",0.943430652301848
"1192",0.868767885858616
"1193",0.946959287684548
"1194",0.897409733206265
"1195",0.998348015195506
"1196",1.25142022697247
"1197",1.6626956205679
"1198",2.33660221478637
"1199",1.91964137580762
"1200",1.31489304919103
"1201",1.25046527655288
"1202",1.17837726061043
"1203",1.12707157705377
"1204",1.42262096821544
"1205",1.81804264181937
"1206",2.31796650812501
"1207",2.5732079179826
"1208",2.06113031119355
"1209",1.63917495146332
"1210",1.53439321721878
"1211",1.59845786711973
"1212",1.92101604683077
"1213",2.37959381870114
"1214",2.61647336517754
"1215",3.02325977285096
"1216",3.43298138228587
"1217",3.35973052294671
"1218",2.52635201647222
"1219",1.94290419890518
"1220",1.67991047094852
"1221",1.85275898504833
"1222",2.12133608958726
"1223",2.68485696970586
"1224",3.12377591610898
"1225",2.87593759382966
"1226",2.67361927868672
"1227",2.86705007371236
"1228",2.96323867333117
"1229",2.28456424887363
"1230",2.00019251831725
"1231",1.64866889698309
"1232",1.48809781896796
"1233",1.64851755922685
"1234",2.12403232895931
"1235",2.5131592427066
"1236",2.09226819655341
"1237",1.67552520432241
"1238",1.76734083713447
"1239",2.04723008807132
"1240",2.20709492648705
"1241",2.04679629805184
"1242",1.61880668566059
"1243",1.22323552137928
"1244",0.996501851534183
"1245",0.870886021486454
"1246",0.814430866300456
"1247",0.795445416800538
"1248",0.731799637010616
"1249",0.597007225786022
"1250",0.510074986470812
"1251",0.448560223293495
"1252",0.418682068809133
"1253",0.423020092120509
"1254",0.448489264651408
"1255",0.46486109428253
"1256",0.436923334527929
"1257",0.392716553938563
"1258",0.361806477595922
"1259",0.346526983547187
"1260",0.342333105235839
"1261",0.347630199074281
"1262",0.35854554028106
"1263",0.372802282918153
"1264",0.382880135710745
"1265",0.389996206307571
"1266",0.400059276891118
"1267",0.418009971114571
"1268",0.447809209496504
"1269",0.507431691190817
"1270",0.60923097578533
"1271",0.777197998032672
"1272",0.9507845750178
"1273",1.00029642615175
"1274",1.42686736006084
"1275",1.95141879884871
"1276",1.48031947439709
"1277",0.920803346211237
"1278",0.628962702315197
"1279",0.414415367868499
"1280",0.238178542745511
"1281",0.113577659051519
"1282",0.0476664755269488
"1283",0.0180370148635021
"1284",0.00654030705997213
"1285",0.00268423393936696
"1286",0.108571543485975
"1287",0.496507919294856
"1288",0.715760160487691
"1289",1.08804953130116
"1290",1.26608332120637
"1291",1.2050776042005
"1292",1.12715052461853
"1293",1.06980787318928
"1294",1.02964268725667
"1295",0.990951066642162
"1296",0.966530013938658
"1297",0.95308572784722
"1298",0.952815618136579
"1299",1.01196638635675
"1300",1.0892148814188
"1301",1.14763240328779
"1302",1.15486653079218
"1303",1.17269164044817
"1304",1.13293664610053
"1305",1.03433328864556
"1306",0.948992538202615
"1307",0.890057498459223
"1308",0.875578941561098
"1309",0.972215008534068
"1310",1.06163802215714
"1311",1.31704590705365
"1312",1.6962643319661
"1313",2.26399696492453
"1314",1.95064379382943
"1315",1.58037880641887
"1316",1.38121335965185
"1317",1.21891942021108
"1318",1.23061224304669
"1319",1.42526370011239
"1320",1.82700047207337
"1321",2.38028115918399
"1322",2.8318146204599
"1323",2.39599474966173
"1324",1.99452141951348
"1325",1.69236999435347
"1326",1.55195273470479
"1327",1.63198768847871
"1328",1.84999036429302
"1329",2.11043966181849
"1330",2.6080597716192
"1331",3.05795821700315
"1332",2.89799630268359
"1333",2.28666811168297
"1334",1.81944130371989
"1335",1.5119889663759
"1336",1.5517990024122
"1337",1.70884856834986
"1338",2.0431955691077
"1339",2.57093749856978
"1340",3.07998361748184
"1341",2.87882644536724
"1342",2.39569810776269
"1343",2.25014427896708
"1344",1.98778720295472
"1345",1.62622766331813
"1346",1.40820370385491
"1347",1.36138756565052
"1348",1.52574056733559
"1349",1.75259985271807
"1350",2.10664213525874
"1351",2.3111214149161
"1352",1.79552052652803
"1353",1.39054635525257
"1354",1.5253801756949
"1355",1.80876552123242
"1356",1.65245330990362
"1357",1.28948888261206
"1358",1.05835275229333
"1359",0.878840118185589
"1360",0.757336798087653
"1361",0.687621638565508
"1362",0.668684428548407
"1363",0.666808075944021
"1364",0.617921114278398
"1365",0.549440284687321
"1366",0.493122233814708
"1367",0.456826098414724
"1368",0.446295573998359
"1369",0.447572826924879
"1370",0.444246435341427
"1371",0.410919966009562
"1372",0.380328792757135
"1373",0.357780019471217
"1374",0.342410550575135
"1375",0.330309783752679
"1376",0.32500557241368
"1377",0.325733217440621
"1378",0.330537245991544
"1379",0.340832893354543
"1380",0.35359261989871
"1381",0.36445258731805
"1382",0.378384319507663
"1383",0.412023569394841
"1384",0.464697246605791
"1385",0.524096968065722
"1386",0.587862610735415
"1387",0.628964853193238
"1388",0.614003492221929
"1389",0.597212710969677
"1390",0.731071263710825
"1391",1.38896853471605
"1392",1.48184397082301
"1393",1.01158472090573
"1394",0.657497683562379
"1395",0.393754172502852
"1396",0.203667114825417
"1397",0.085718727866066
"1398",0.03264664588936
"1399",0.0112707889654289
"1400",0.00430572995232169
"1401",0.00171001790180333
"1402",0.102553553825879
"1403",0.602038859190102
"1404",0.90360952397236
"1405",1.14507186911852
"1406",1.17228839534304
"1407",1.10926257373689
"1408",1.04439985326706
"1409",1.00094510183794
"1410",0.969626969238431
"1411",0.955305383618191
"1412",0.95038418314695
"1413",0.955029573834231
"1414",0.950346340077835
"1415",0.990667752445241
"1416",1.12507365608912
"1417",1.2415936130626
"1418",1.33936527308981
"1419",1.36539394590075
"1420",1.22583710862896
"1421",1.05919513961651
"1422",0.989712828634528
"1423",0.889701993866524
"1424",0.882426499855648
"1425",0.93051554190117
"1426",1.05204475302231
"1427",1.29092852365943
"1428",1.65769492465391
"1429",2.19295648246777
"1430",2.0482133124991
"1431",1.60804671622605
"1432",1.33401957448568
"1433",1.16283690266809
"1434",1.16743765382825
"1435",1.34556564527506
"1436",1.67833652986411
"1437",2.18048264391263
"1438",2.76181097705908
"1439",2.6099394128532
"1440",2.13471711445599
"1441",1.74562215618006
"1442",1.52587237783414
"1443",1.43454512192255
"1444",1.53361352723713
"1445",1.7889181943551
"1446",2.11218022900718
"1447",2.35089110629968
"1448",2.27031677262188
"1449",1.92439217788308
"1450",1.46794698824179
"1451",1.09133621937801
"1452",1.25736257266435
"1453",1.52770382657748
"1454",1.78958625487154
"1455",2.19436603183621
"1456",2.63398395320403
"1457",2.67652675283967
"1458",2.12272212316541
"1459",1.82652136804949
"1460",1.63864756462778
"1461",1.38560554895273
"1462",1.22567011724352
"1463",1.20921288362039
"1464",1.3465499777107
"1465",1.57399724287434
"1466",1.95335431085165
"1467",1.9845702954224
"1468",1.49115914790135
"1469",1.13644948381837
"1470",1.27449987837314
"1471",1.53250834902617
"1472",1.37144287696788
"1473",1.06827767450617
"1474",0.906412986773756
"1475",0.776791256828875
"1476",0.677209476722722
"1477",0.629924546013992
"1478",0.597077264200156
"1479",0.598695622967677
"1480",0.574489938788123
"1481",0.558264308010987
"1482",0.515126662133647
"1483",0.48040631402007
"1484",0.471981672897528
"1485",0.474219772739195
"1486",0.457846157287448
"1487",0.411349962089453
"1488",0.36525473705553
"1489",0.347023374311844
"1490",0.336987053823067
"1491",0.323255810557534
"1492",0.314392010641666
"1493",0.315024289558245
"1494",0.315717143147782
"1495",0.321858943195275
"1496",0.337036282754694
"1497",0.344036846785051
"1498",0.350700727272891
"1499",0.375384649876312
"1500",0.420125623780221
"1501",0.463536389481837
"1502",0.495637727554901
"1503",0.515786888070209
"1504",0.515025700048562
"1505",0.49237518823265
"1506",0.485388878692719
"1507",0.701479399978663
"1508",1.54284959586766
"1509",1.45102749331153
"1510",0.890960798262614
"1511",0.540587261395461
"1512",0.292039069624131
"1513",0.126359943434286
"1514",0.0448995192932706
"1515",0.0149957586019752
"1516",0.00562191585682124
"1517",0.00224689563179438
"1518",0.0932693192125444
"1519",0.576420702478947
"1520",0.943406853829704
"1521",1.06830952928635
"1522",1.07668101276028
"1523",1.03530894850152
"1524",0.983529598645567
"1525",0.949280386329002
"1526",0.937849172232326
"1527",0.939339726111855
"1528",0.962632925414374
"1529",0.999021978316732
"1530",0.992955772034777
"1531",0.993586177474287
"1532",1.15159777268641
"1533",1.39741648545905
"1534",1.6325421350537
"1535",1.66673040710884
"1536",1.45562811211404
"1537",1.16263249288749
"1538",0.996611677234992
"1539",0.913446954327049
"1540",0.86304975225674
"1541",0.901656137543134
"1542",0.990231620741265
"1543",1.20458647928994
"1544",1.55868862449989
"1545",2.05781863975246
"1546",2.04149895136852
"1547",1.59147925365309
"1548",1.29753318387179
"1549",1.11547382901852
"1550",1.08828034106962
"1551",1.2230923306871
"1552",1.48038997142853
"1553",1.8446180246842
"1554",2.28904652686882
"1555",2.6073014974151
"1556",2.4011154329064
"1557",1.82984805305743
"1558",1.48587478296217
"1559",1.34164994907472
"1560",1.16925479064738
"1561",1.47401327103558
"1562",1.62232396265059
"1563",1.68395033705135
"1564",1.66940977046231
"1565",1.44934961878678
"1566",1.18569840393305
"1567",1.07773910936018
"1568",1.02700493759346
"1569",1.23538243252039
"1570",1.46189649780742
"1571",1.71528727051095
"1572",2.0341474039191
"1573",2.10010115761447
"1574",1.7828832881918
"1575",1.48168346271964
"1576",1.32156041945908
"1577",1.18867893754604
"1578",1.09303042460455
"1579",1.10944149651103
"1580",1.24836578684905
"1581",1.48852811344296
"1582",1.68689395147697
"1583",1.49365970055506
"1584",1.15161243079941
"1585",0.961804258460642
"1586",1.10214732138829
"1587",1.33927983836604
"1588",1.19193910617931
"1589",0.933454592215154
"1590",0.787928621609316
"1591",0.692970079387462
"1592",0.609558168982028
"1593",0.551007782946903
"1594",0.514754078470645
"1595",0.510737956076285
"1596",0.529134485629555
"1597",0.53669568434934
"1598",0.521968180968902
"1599",0.502482057194801
"1600",0.49079033068581
"1601",0.484342990355438
"1602",0.465800466404248
"1603",0.417208209917241
"1604",0.371379931616801
"1605",0.347107956140079
"1606",0.332972928773314
"1607",0.320969555630404
"1608",0.31310351729793
"1609",0.312444598169416
"1610",0.314871815175521
"1611",0.321845720752165
"1612",0.334403053911612
"1613",0.335741438445166
"1614",0.337068658290971
"1615",0.347433872871239
"1616",0.369101732307115
"1617",0.401262186781424
"1618",0.424408799586748
"1619",0.434482103701415
"1620",0.439416472983152
"1621",0.438142825463279
"1622",0.434735470154803
"1623",0.462945584747074
"1624",0.682615688114921
"1625",1.5756732383533
"1626",1.3364326084949
"1627",0.783028115552305
"1628",0.448653374012135
"1629",0.194869675626256
"1630",0.0629852052747088
"1631",0.0194675064277052
"1632",0.00659959550443875
"1633",0.00260759248908244
"1634",0.0996018007140018
"1635",0.516660372407804
"1636",0.861160506829474
"1637",0.997470009706993
"1638",1.01480445499506
"1639",0.984797465788745
"1640",0.945427284954897
"1641",0.922264482540822
"1642",0.933227292523138
"1643",0.970125920635508
"1644",1.04349055216667
"1645",1.12743457234245
"1646",1.13154245913886
"1647",1.07105223822641
"1648",1.18084630659819
"1649",1.48965098207439
"1650",1.77716926541983
"1651",1.81588930183849
"1652",1.53375512914373
"1653",1.26590099143434
"1654",1.05168597793109
"1655",0.922067247771985
"1656",0.855797321752452
"1657",0.866557350134017
"1658",0.952643675462871
"1659",1.15600676554989
"1660",1.4553650077117
"1661",1.90494269443087
"1662",1.95622221619824
"1663",1.54914371756387
"1664",1.24960777731739
"1665",1.08350954400257
"1666",1.0284594195457
"1667",1.10773526964904
"1668",1.2776477217304
"1669",1.46048591075954
"1670",1.76007399967465
"1671",2.13757703070312
"1672",2.43084289406958
"1673",1.99610641012226
"1674",1.55127137153054
"1675",1.36229438633144
"1676",1.00576010465209
"1677",1.14067728153356
"1678",1.23447255993555
"1679",1.30533369538653
"1680",1.23007192584424
"1681",1.10000703952702
"1682",1.00973072289714
"1683",0.93703237472362
"1684",0.814501938896038
"1685",1.03512652078217
"1686",1.1490124883844
"1687",1.34606389986856
"1688",1.51032097507339
"1689",1.52562087248645
"1690",1.39009217344183
"1691",1.20152665621986
"1692",1.11567642989362
"1693",1.01392764054833
"1694",0.866358217876685
"1695",0.813736788378239
"1696",0.892291734312837
"1697",1.07722599745455
"1698",1.36424143766001
"1699",1.29140829962965
"1700",0.959441307470344
"1701",0.851156173594586
"1702",1.0222141494126
"1703",1.21217981232763
"1704",1.02143199135301
"1705",0.829131766202023
"1706",0.708558191525462
"1707",0.630342813317674
"1708",0.565704048916597
"1709",0.499597146438306
"1710",0.458695404766286
"1711",0.454444087733185
"1712",0.486690034280258
"1713",0.517820788458045
"1714",0.519947714271613
"1715",0.507110796766991
"1716",0.492343696724564
"1717",0.483092989138058
"1718",0.473575980581893
"1719",0.430085786673519
"1720",0.393101635809478
"1721",0.369000874356184
"1722",0.349041002064558
"1723",0.331615901012588
"1724",0.322843104422198
"1725",0.322201215896767
"1726",0.326176115829526
"1727",0.334487708812262
"1728",0.33856049851915
"1729",0.333090709217033
"1730",0.330557674628048
"1731",0.332347801642273
"1732",0.339057707697677
"1733",0.352672209934915
"1734",0.37383748871956
"1735",0.387012749825746
"1736",0.394033690299158
"1737",0.403247559830924
"1738",0.414887418983666
"1739",0.434196612029249
"1740",0.483316996628982
"1741",1.01647472097485
"1742",1.8541523459991
"1743",1.14734944964564
"1744",0.677026309964596
"1745",0.306756528623728
"1746",0.0923211565979617
"1747",0.0258420893596409
"1748",0.00778642096645902
"1749",0.00281442641653862
"1750",0.00320079489735279
"1751",0.158897968370585
"1752",0.535500315538042
"1753",0.819907485255239
"1754",0.950004405625942
"1755",0.966632359229631
"1756",0.941703457829494
"1757",0.922431034650937
"1758",0.910867365956026
"1759",0.938983702686116
"1760",1.02295791717746
"1761",1.17239497841108
"1762",1.34042433216619
"1763",1.38069073114401
"1764",1.23325369781932
"1765",1.15734113857788
"1766",1.37399384226574
"1767",1.4687402795319
"1768",1.39677045267293
"1769",1.30377114860289
"1770",1.11519455874027
"1771",1.0452645571756
"1772",0.920859807645487
"1773",0.837087431434408
"1774",0.824379555060794
"1775",0.937721365483795
"1776",1.12638674500358
"1777",1.42717887344879
"1778",1.87438492836068
"1779",1.87962604911501
"1780",1.50736651559224
"1781",1.2222982866183
"1782",1.05344989922802
"1783",0.969910477985334
"1784",0.976047491966454
"1785",1.04957262401316
"1786",1.15300816705823
"1787",1.3206871679927
"1788",1.73339149975147
"1789",2.09177937932841
"1790",1.80520414578701
"1791",1.3922036743786
"1792",1.25081099150917
"1793",1.08844575580935
"1794",1.04302093637652
"1795",1.01195914233548
"1796",1.04452570674158
"1797",0.901404485783585
"1798",0.958857512829581
"1799",0.877652746244497
"1800",0.694296204660732
"1801",0.707449604101122
"1802",0.856277156754431
"1803",0.98018908526493
"1804",1.08445916040283
"1805",1.13219071102727
"1806",1.19176572287283
"1807",1.13017788349787
"1808",1.04772402690317
"1809",0.880855949307961
"1810",0.656602604716805
"1811",0.642008333299084
"1812",0.635531432449562
"1813",0.72652347424643
"1814",0.952774484599426
"1815",1.22989778390524
"1816",1.07702943551805
"1817",0.798619776023075
"1818",0.750426936363831
"1819",0.927038654626201
"1820",1.06161880618268
"1821",0.860094693389399
"1822",0.719979624820611
"1823",0.629325369585216
"1824",0.57223290491976
"1825",0.536228428032392
"1826",0.479166573481917
"1827",0.436392269863623
"1828",0.43037297333821
"1829",0.446558417408227
"1830",0.469730188529267
"1831",0.49629789364144
"1832",0.499609242841086
"1833",0.489620497913489
"1834",0.484038390387052
"1835",0.483518155850677
"1836",0.450825334795791
"1837",0.417191022871068
"1838",0.395651145350115
"1839",0.376246828275297
"1840",0.358867411976164
"1841",0.344871461980372
"1842",0.341276430322793
"1843",0.343343847511778
"1844",0.34878173329161
"1845",0.341633129085678
"1846",0.333893557202692
"1847",0.327008084246239
"1848",0.322740609235539
"1849",0.322446104546962
"1850",0.32831094817705
"1851",0.339919953535369
"1852",0.356852828179739
"1853",0.368497807511782
"1854",0.382678789248631
"1855",0.405197597478536
"1856",0.441822335475315
"1857",0.494888179457322
"1858",0.785378848035303
"1859",2.16467385222884
"1860",1.6912945434878
"1861",0.995208755390181
"1862",0.467280665913903
"1863",0.130246879856375
"1864",0.0333293052192592
"1865",0.00886696613059519
"1866",0.00301087425241701
"1867",0.0146706859919134
"1868",0.28629187648186
"1869",0.655246050680679
"1870",0.860576766951977
"1871",0.943891279215281
"1872",0.930338757272086
"1873",0.91059652770888
"1874",0.914611754943795
"1875",0.917821154407812
"1876",0.966331446144962
"1877",1.0875305472378
"1878",1.3007271886494
"1879",1.55514127071023
"1880",1.6368245737715
"1881",1.41078851915402
"1882",1.16445880105043
"1883",1.23206433158834
"1884",1.21775522573927
"1885",1.09436468794273
"1886",1.21160223655977
"1887",1.20141546555515
"1888",1.03145512746769
"1889",0.914908311992322
"1890",0.822767751132941
"1891",0.819253421998914
"1892",0.923613678247411
"1893",1.09937916648972
"1894",1.36545852362058
"1895",1.77004352184854
"1896",1.73825424455345
"1897",1.41680663611888
"1898",1.17688089821665
"1899",1.00173920188978
"1900",0.932569914728943
"1901",0.896000382932332
"1902",0.884225820033286
"1903",1.01869158725818
"1904",1.15518307394457
"1905",1.38407376030195
"1906",1.58181474917715
"1907",1.36598380564756
"1908",1.22148800534461
"1909",1.09371802399736
"1910",1.00491152806497
"1911",0.929347615083257
"1912",0.937063722358268
"1913",0.925232691243345
"1914",0.744741653965374
"1915",0.819819621342698
"1916",0.865502245818496
"1917",0.765056113950144
"1918",0.773670056078444
"1919",0.849601147298702
"1920",0.847639312204157
"1921",0.827207333758328
"1922",0.922118211491294
"1923",0.934462037450588
"1924",0.957955913377921
"1925",0.907209630231853
"1926",0.701423130928001
"1927",0.526210077135597
"1928",0.568467935931982
"1929",0.558955954265033
"1930",0.623170541510828
"1931",0.801327008416415
"1932",0.947578832491822
"1933",0.852407631882678
"1934",0.677872288796939
"1935",0.645422581483623
"1936",0.753821734183471
"1937",0.824303849605453
"1938",0.71489060139257
"1939",0.600584410992992
"1940",0.544226349588254
"1941",0.522251993973387
"1942",0.505857880836055
"1943",0.475226277713115
"1944",0.442788380450051
"1945",0.418714128066116
"1946",0.422951363891707
"1947",0.433592766185268
"1948",0.463183089639056
"1949",0.481070024808438
"1950",0.481814757644271
"1951",0.490023751827925
"1952",0.495379458145533
"1953",0.469320095401031
"1954",0.438454857904356
"1955",0.416425601074308
"1956",0.39967013182141
"1957",0.380395056746275
"1958",0.365221330815995
"1959",0.356706748601283
"1960",0.358077442402827
"1961",0.361140796000917
"1962",0.350912729043305
"1963",0.34145851438924
"1964",0.331477691370201
"1965",0.324578092978261
"1966",0.320582166123796
"1967",0.321736122515228
"1968",0.326621694083509
"1969",0.33947098941148
"1970",0.352683202418892
"1971",0.370381525903631
"1972",0.402807459397328
"1973",0.457846822341304
"1974",0.543967154609085
"1975",0.726217850649843
"1976",1.89124135772594
"1977",2.43328380893097
"1978",1.42039471433833
"1979",0.703628833217387
"1980",0.198945508555547
"1981",0.0447909413362851
"1982",0.0102202479908082
"1983",0.00321058051285237
"1984",0.0175071795325738
"1985",0.335979541850657
"1986",0.700553287672362
"1987",0.878177102005365
"1988",0.933463846179705
"1989",0.883707886713018
"1990",0.84592771891921
"1991",0.904462323975875
"1992",0.900928862055074
"1993",0.970825877156584
"1994",1.11533080048887
"1995",1.41578508667618
"1996",1.50783235169017
"1997",1.36746174615982
"1998",1.38049879013974
"1999",1.1328117102587
"2000",0.94272298722423
"2001",0.895872164989667
"2002",0.950923874445391
"2003",1.12635562969498
"2004",1.12660526948325
"2005",0.917618947794528
"2006",0.848375350256941
"2007",0.771843962553948
"2008",0.760285147796866
"2009",0.85494163863314
"2010",1.00031687397382
"2011",1.23010846376024
"2012",1.5490847984047
"2013",1.62655434001607
"2014",1.43482609874449
"2015",1.19341217635011
"2016",0.988125968045922
"2017",0.917781428657333
"2018",0.855754507227489
"2019",0.824797230496473
"2020",0.83108477402737
"2021",0.935018889083348
"2022",1.1003465493064
"2023",1.17292776693025
"2024",0.946165153499268
"2025",0.889841523792949
"2026",0.879369331602681
"2027",0.875895426859501
"2028",0.878073521437523
"2029",0.858799596774946
"2030",0.810994667673525
"2031",0.740426761811381
"2032",0.770269408019051
"2033",0.836100233310265
"2034",0.698458807706691
"2035",0.676009157760735
"2036",0.813595680068504
"2037",0.795274447573634
"2038",0.766473037197229
"2039",0.801062049326843
"2040",0.773603334312501
"2041",0.820736392483795
"2042",0.712837999002921
"2043",0.509472442677069
"2044",0.466012921991525
"2045",0.446170103520099
"2046",0.459261807473465
"2047",0.499929563129606
"2048",0.584175562959694
"2049",0.646498403154522
"2050",0.619634565395115
"2051",0.544284873940895
"2052",0.519911011328707
"2053",0.548403964253944
"2054",0.566850109256898
"2055",0.537787411706697
"2056",0.489773886012879
"2057",0.466094367884686
"2058",0.46408362711261
"2059",0.470699768462004
"2060",0.45645332876555
"2061",0.438306843726023
"2062",0.413046222031106
"2063",0.407812066380339
"2064",0.420196575063301
"2065",0.447484164912683
"2066",0.472088714071225
"2067",0.48986950666073
"2068",0.508867980714893
"2069",0.516262725458
"2070",0.492032973597996
"2071",0.461720167655534
"2072",0.439188320713446
"2073",0.42235335805334
"2074",0.40687405914092
"2075",0.391364434842883
"2076",0.387767481839735
"2077",0.389131825726226
"2078",0.383505113705521
"2079",0.367162284225336
"2080",0.35428936570548
"2081",0.34340246839224
"2082",0.335244785089605
"2083",0.328223122930223
"2084",0.325474213325136
"2085",0.324435428229357
"2086",0.325439344857792
"2087",0.332368831130811
"2088",0.354651919568731
"2089",0.397044382718787
"2090",0.468764377237753
"2091",0.586895851301937
"2092",0.787165380174789
"2093",1.69338467903574
"2094",3.0399355519447
"2095",1.94258387288884
"2096",1.03533504736871
"2097",0.326761107322456
"2098",0.0634040410734078
"2099",0.0118964370718163
"2100",0.00336463353993975
"2101",0.767790649056437
"2102",0.836873097140239
"2103",0.879852248803404
"2104",0.869864246554271
"2105",0.939668397654019
"2106",1.08363748130539
"2107",1.31945696776611
"2108",1.29433154660946
"2109",1.18692272961192
"2110",1.09087529683744
"2111",0.829853497430869
"2112",0.611379230137186
"2113",0.665979844548656
"2114",0.800330177287454
"2115",0.963135320226507
"2116",0.95230818266117
"2117",0.768445130883304
"2118",0.709933436361288
"2119",0.698292953055912
"2120",0.702588381593145
"2121",0.770767346975242
"2122",0.856693921923395
"2123",0.999203366993669
"2124",1.27180646735801
"2125",1.41086870003722
"2126",1.44039445735644
"2127",1.28435966370327
"2128",1.06526600169426
"2129",0.917760640882446
"2130",0.829323919208487
"2131",0.777548808450935
"2132",0.689306027042173
"2133",0.757851404886043
"2134",0.86128054368256
"2135",0.849154951772226
"2136",0.797768417600823
"2137",0.595028299925142
"2138",0.680392376477702
"2139",0.769055369789855
"2140",0.845898936443689
"2141",0.830545312725272
"2142",0.804643526809377
"2143",0.789265569031934
"2144",0.767340199686796
"2145",0.780364161103887
"2146",0.749365856614416
"2147",0.716359801194223
"2148",0.790671394840871
"2149",0.744596774037762
"2150",0.716295230474342
"2151",0.696564283458465
"2152",0.729734703772137
"2153",0.71862629618362
"2154",0.571727139281181
"2155",0.44338037785432
"2156",0.422526234742219
"2157",0.402401408354754
"2158",0.394616094260968
"2159",0.408243091565388
"2160",0.442892938671584
"2161",0.475326830431578
"2162",0.458822990750757
"2163",0.427791521015238
"2164",0.414769721788506
"2165",0.418302651166441
"2166",0.421737420517058
"2167",0.418591624047399
"2168",0.409023072900689
"2169",0.404993644808556
"2170",0.421676001318154
"2171",0.439627261597728
"2172",0.441868029995325
"2173",0.435956028637751
"2174",0.419604322392703
"2175",0.40784332475209
"2176",0.418566864711294
"2177",0.444937425091598
"2178",0.469595063634075
"2179",0.495189085507768
"2180",0.525917685105993
"2181",0.544008416720135
"2182",0.526846104701861
"2183",0.497586830014694
"2184",0.472657283764949
"2185",0.453292490071125
"2186",0.440130733379031
"2187",0.430660543165722
"2188",0.431577575346477
"2189",0.428498456032046
"2190",0.40942839678969
"2191",0.386669754508704
"2192",0.373658601660425
"2193",0.360830412843038
"2194",0.350571769378175
"2195",0.34061654913403
"2196",0.328869433709959
"2197",0.317196650770415
"2198",0.312353292028051
"2199",0.318163530338188
"2200",0.33878575016265
"2201",0.383025902355716
"2202",0.45902587891887
"2203",0.583028428408146
"2204",0.768802722656754
"2205",1.14474835533055
"2206",2.39969977732081
"2207",2.35085930890961
"2208",1.43235487621561
"2209",0.530244059270619
"2210",0.089498643529649
"2211",0.0137846256956761
"2212",0.00356961365060192
"2213",1.35687908619006
"2214",1.22100172232702
"2215",1.06293363969381
"2216",0.801907132413609
"2217",0.619180120337199
"2218",0.516101821897886
"2219",0.56973485432747
"2220",0.698872233782475
"2221",0.665162393640999
"2222",0.626597383526805
"2223",0.544914600519356
"2224",0.483121418473244
"2225",0.561096421257161
"2226",0.577114356548755
"2227",0.672100277608504
"2228",0.806759438514692
"2229",0.980013471381673
"2230",1.2048488338978
"2231",1.11348742505772
"2232",1.17591653696827
"2233",1.26353506405027
"2234",1.06525376527555
"2235",0.888529879238787
"2236",0.799171850253539
"2237",0.706862466075068
"2238",0.701000789874215
"2239",0.713280278855926
"2240",0.705189598990083
"2241",0.672008898380205
"2242",0.731016505087719
"2243",0.717947985729442
"2244",0.659018530022435
"2245",0.691486442483662
"2246",0.813236050973965
"2247",0.77225580853159
"2248",0.621440666891187
"2249",0.640111329900445
"2250",0.598128774817864
"2251",0.560243778369433
"2252",0.603839009481397
"2253",0.717391046193444
"2254",0.773821003439125
"2255",0.709688763673724
"2256",0.660836322971114
"2257",0.615335252924012
"2258",0.617387310047783
"2259",0.517810591420358
"2260",0.451265639922581
"2261",0.407277136553537
"2262",0.377799288070672
"2263",0.358706068665379
"2264",0.346784487184412
"2265",0.34886549425057
"2266",0.361616114334324
"2267",0.374885553675588
"2268",0.366993510267311
"2269",0.351343243504055
"2270",0.345713038022909
"2271",0.352640073068813
"2272",0.357179970468056
"2273",0.357719811815408
"2274",0.358487412057967
"2275",0.365155415328805
"2276",0.389289937145792
"2277",0.421650778699332
"2278",0.436892183805939
"2279",0.439685134498507
"2280",0.44020440558122
"2281",0.423745492379044
"2282",0.429621864560715
"2283",0.448545128048151
"2284",0.471543693721589
"2285",0.49916713679782
"2286",0.536774520727112
"2287",0.567679123936605
"2288",0.566529634294118
"2289",0.536030512543149
"2290",0.510067697954349
"2291",0.494894034618227
"2292",0.482800475941389
"2293",0.472721419819624
"2294",0.47005365390452
"2295",0.45821479853525
"2296",0.432965975884007
"2297",0.412483610260011
"2298",0.394580953610684
"2299",0.378092714973923
"2300",0.363964146332748
"2301",0.34699618442106
"2302",0.32561116517548
"2303",0.310377849695918
"2304",0.304325798336657
"2305",0.308332689880144
"2306",0.325465859548501
"2307",0.36026464961381
"2308",0.420786375863211
"2309",0.516594268458766
"2310",0.628488373955982
"2311",0.705938872702911
"2312",1.15944787408348
"2313",2.60080138794512
"2314",2.04260471062604
"2315",0.85580721320029
"2316",0.128184202147529
"2317",0.0158278492637883
"2318",0.00372178592885015
"2319",0.458870669001793
"2320",0.535387294319288
"2321",0.484043140937226
"2322",0.405797878011743
"2323",0.353420662476902
"2324",0.289747587243662
"2325",0.305204050593891
"2326",0.302752889197743
"2327",0.414702747785026
"2328",0.632268215833192
"2329",0.850357045008203
"2330",1.04283863747964
"2331",0.905366160937912
"2332",0.991513511829232
"2333",1.07387890737306
"2334",0.811798457339006
"2335",0.721409396926326
"2336",0.702715612323432
"2337",0.701222147235455
"2338",0.715252426990528
"2339",0.703720931265234
"2340",0.651212533256648
"2341",0.606300182393649
"2342",0.74047963865162
"2343",0.766940571923889
"2344",0.744381270830372
"2345",0.772699446676641
"2346",0.694624476596784
"2347",0.650683642663243
"2348",0.646142283876264
"2349",0.614137261205203
"2350",0.599454278250042
"2351",0.60793518471308
"2352",0.668323833357779
"2353",0.745107932279315
"2354",0.706471007330546
"2355",0.640583278622441
"2356",0.657861006912617
"2357",0.592084624271347
"2358",0.429525574937506
"2359",0.398681070811735
"2360",0.37204400525622
"2361",0.33821610292907
"2362",0.316404398067972
"2363",0.309552598734005
"2364",0.309732601956427
"2365",0.307874015195788
"2366",0.315631664943859
"2367",0.3155773140114
"2368",0.306404032568183
"2369",0.302790431846022
"2370",0.307761381735228
"2371",0.312948417565303
"2372",0.315799328505549
"2373",0.321858817772563
"2374",0.333611206246497
"2375",0.357820740596601
"2376",0.392858483077398
"2377",0.42349823053764
"2378",0.440896096603995
"2379",0.456148286977543
"2380",0.459667672986312
"2381",0.454702079208449
"2382",0.462519540238158
"2383",0.48085229819774
"2384",0.508689581106546
"2385",0.543940431616373
"2386",0.585188751427303
"2387",0.605437962610969
"2388",0.583630828996722
"2389",0.560451785888202
"2390",0.550383685669449
"2391",0.538636985678152
"2392",0.528333835778682
"2393",0.516781733509966
"2394",0.492519454779922
"2395",0.461577423830755
"2396",0.434448020925267
"2397",0.411042664508386
"2398",0.387742564525173
"2399",0.366427145353886
"2400",0.341884694125107
"2401",0.321276457975664
"2402",0.306922429401975
"2403",0.298528759777406
"2404",0.299567967490561
"2405",0.310965619118839
"2406",0.335177098339114
"2407",0.377753029945577
"2408",0.438236675993128
"2409",0.503761394074102
"2410",0.561084499826074
"2411",0.827052911739912
"2412",2.7441631433665
"2413",3.08758284040114
"2414",1.48056903271633
"2415",0.203686814119286
"2416",0.0199245903178153
"2417",0.00443243033484231
"2418",0.222211711530987
"2419",0.225293122588659
"2420",0.253899514664331
"2421",0.321196840295249
"2422",0.452686907475203
"2423",0.564816744029901
"2424",0.611879762634465
"2425",0.651951874264755
"2426",0.654336620004818
"2427",0.664350782524838
"2428",0.650074880228576
"2429",0.651237784614861
"2430",0.590421615048097
"2431",0.732786780819691
"2432",0.84503221415934
"2433",0.830054010400652
"2434",0.815716906795179
"2435",0.729767095825033
"2436",0.718728970170525
"2437",0.671418802181204
"2438",0.61007977759829
"2439",0.614372399738438
"2440",0.61500446010162
"2441",0.662766088011802
"2442",0.703977768422279
"2443",0.719439704317861
"2444",0.592721498232001
"2445",0.429485298683382
"2446",0.406033647832313
"2447",0.392368520432043
"2448",0.380478296376867
"2449",0.339357252687589
"2450",0.308849735305069
"2451",0.288183148310086
"2452",0.286008373963973
"2453",0.28608396740906
"2454",0.279320807874
"2455",0.283245072568311
"2456",0.286210859176409
"2457",0.281549243130575
"2458",0.281143085194503
"2459",0.283998418770542
"2460",0.28930411524736
"2461",0.295719043936627
"2462",0.303559567386781
"2463",0.316765597047589
"2464",0.34350259051072
"2465",0.378222915800498
"2466",0.424195654125345
"2467",0.452526438682445
"2468",0.472272514749467
"2469",0.488677250697081
"2470",0.494901402618637
"2471",0.508960552341991
"2472",0.529029273092368
"2473",0.54733263954867
"2474",0.574109682236058
"2475",0.613143058332822
"2476",0.648742345964784
"2477",0.643014414694008
"2478",0.623741509537949
"2479",0.611118686108224
"2480",0.597324852556653
"2481",0.585734547089636
"2482",0.566889522072547
"2483",0.533078370612342
"2484",0.491698869974203
"2485",0.453829918383025
"2486",0.424468707272157
"2487",0.395531562370702
"2488",0.366192117905789
"2489",0.33954264089512
"2490",0.31711189677197
"2491",0.301983847139956
"2492",0.2918113398017
"2493",0.286107260203903
"2494",0.292451294607113
"2495",0.309440142759827
"2496",0.337352070016027
"2497",0.376708901488432
"2498",0.433056532180475
"2499",0.526547968217924
"2500",0.709678077862978
"2501",1.52881819227669
"2502",3.65982288973658
"2503",2.91959291438996
"2504",0.443281505807252
"2505",0.026667329653731
"2506",0.00561410813288108
"2507",0.00253369492271388
"2508",0.59586010326378
"2509",0.610831563393646
"2510",0.633137883796532
"2511",0.672921326501291
"2512",0.714584829453272
"2513",0.8239150827033
"2514",0.928903514737833
"2515",0.95916099750461
"2516",0.876792146908628
"2517",0.722216289477786
"2518",0.755273305225265
"2519",0.706952660824373
"2520",0.604654163833126
"2521",0.61773254539575
"2522",0.62483347547987
"2523",0.640956925058562
"2524",0.668421627834662
"2525",0.670180820832644
"2526",0.493491402350967
"2527",0.366202803560141
"2528",0.372425114868068
"2529",0.383691881042788
"2530",0.365419341817439
"2531",0.319599606089397
"2532",0.290315255330365
"2533",0.276422540400576
"2534",0.274940315103625
"2535",0.271964283489114
"2536",0.265134014943837
"2537",0.267126491403271
"2538",0.27102579392829
"2539",0.272243185549226
"2540",0.273088699407093
"2541",0.274837346606109
"2542",0.28218897215536
"2543",0.288916023978427
"2544",0.295369174875647
"2545",0.307899596962341
"2546",0.336837328369595
"2547",0.375092242136445
"2548",0.419267901823807
"2549",0.455996015576334
"2550",0.484462334854505
"2551",0.51207313030224
"2552",0.531038301871872
"2553",0.554718394210862
"2554",0.574122924095
"2555",0.597309706902485
"2556",0.629355062362866
"2557",0.663921833943205
"2558",0.702086098920016
"2559",0.710625200156095
"2560",0.690523800302535
"2561",0.670030685708904
"2562",0.647160996232569
"2563",0.626741379958181
"2564",0.601253395101109
"2565",0.567522102715021
"2566",0.523777900728106
"2567",0.479865695631146
"2568",0.43924602711685
"2569",0.403681988029926
"2570",0.375394407167602
"2571",0.348706863631166
"2572",0.324960350457243
"2573",0.306101859352258
"2574",0.290646836158528
"2575",0.281440074218627
"2576",0.282771349123108
"2577",0.294308517243936
"2578",0.313505674711218
"2579",0.34345945655487
"2580",0.400735864787476
"2581",0.492819949791974
"2582",0.64116903979527
"2583",0.917385233009637
"2584",1.77192176718737
"2585",3.85353122200772
"2586",1.50675196866207
"2587",0.0411329570920157
"2588",0.00732788665684292
"2589",0.00299227350501533
"2590",0.580292654198347
"2591",0.588506321019925
"2592",0.663285179713024
"2593",0.754726081518613
"2594",0.874525825642399
"2595",1.02355799047566
"2596",1.16248260658095
"2597",1.1139833071333
"2598",0.869459443150224
"2599",0.803698222803031
"2600",0.714462966331436
"2601",0.632679829388035
"2602",0.609814311943094
"2603",0.596019305055186
"2604",0.598000965828234
"2605",0.596947186042963
"2606",0.530074134027631
"2607",0.374693646752448
"2608",0.359491250411843
"2609",0.373497468726708
"2610",0.374686071842016
"2611",0.349933538268211
"2612",0.308968066938091
"2613",0.284691066149108
"2614",0.276021641059577
"2615",0.272578971633711
"2616",0.265486121218367
"2617",0.262114697991146
"2618",0.265543754507845
"2619",0.269139206586582
"2620",0.27390097469261
"2621",0.274506265891502
"2622",0.272302272334906
"2623",0.276175262349678
"2624",0.284627187671262
"2625",0.295154159639992
"2626",0.313173601963864
"2627",0.343966331869502
"2628",0.380312917017737
"2629",0.416392280632146
"2630",0.454256164592382
"2631",0.488831897767815
"2632",0.522867739402015
"2633",0.549503017016184
"2634",0.572700839581889
"2635",0.595235352517187
"2636",0.62982821855157
"2637",0.669230652639224
"2638",0.706576786298088
"2639",0.730198634584623
"2640",0.732007251038443
"2641",0.718145886757839
"2642",0.705423811373821
"2643",0.68649033247321
"2644",0.664724593192783
"2645",0.634912182621963
"2646",0.599958561995717
"2647",0.550007491143153
"2648",0.494539541364199
"2649",0.452488327900411
"2650",0.418440310199633
"2651",0.389747514502776
"2652",0.364088846189216
"2653",0.339793084506407
"2654",0.319591357839637
"2655",0.300731178727312
"2656",0.289186742530005
"2657",0.286875537379394
"2658",0.290980241678341
"2659",0.303510723394484
"2660",0.327207500602336
"2661",0.371088224215718
"2662",0.439822676111812
"2663",0.542429158477491
"2664",0.695846488056531
"2665",0.925169196772707
"2666",2.18487824412089
"2667",3.44598000379165
"2668",0.0607521304557898
"2669",0.00839514375239379
"2670",0.0031085388747284
"2671",0.65867089130674
"2672",0.775975955667352
"2673",0.891010659479288
"2674",0.997418515343476
"2675",1.16421925325775
"2676",1.29160561266298
"2677",1.10605093479342
"2678",0.866192806734624
"2679",0.714312866211153
"2680",0.587280367029275
"2681",0.484124603389095
"2682",0.457899330263913
"2683",0.47983057715167
"2684",0.394451359806731
"2685",0.309943449627565
"2686",0.299622894863532
"2687",0.331304199247301
"2688",0.359332658092809
"2689",0.359788008330813
"2690",0.33354959725926
"2691",0.305163276118934
"2692",0.289527064482319
"2693",0.282646692974068
"2694",0.27838696840317
"2695",0.273203024758968
"2696",0.27381536676509
"2697",0.276681824450766
"2698",0.279060167506816
"2699",0.284226901286794
"2700",0.28706480950315
"2701",0.285939541885345
"2702",0.28603532548731
"2703",0.292774872962963
"2704",0.306863116787102
"2705",0.330744445956915
"2706",0.360668369775004
"2707",0.392154453284594
"2708",0.424780795497972
"2709",0.46057495380117
"2710",0.49599456744841
"2711",0.521261891156532
"2712",0.547672502771901
"2713",0.579080130421906
"2714",0.608583551941688
"2715",0.639444410053591
"2716",0.665327076333024
"2717",0.677734282671619
"2718",0.668667480528501
"2719",0.657870943366209
"2720",0.646459210725992
"2721",0.646876182981468
"2722",0.655057582684558
"2723",0.656724011543102
"2724",0.653464159540142
"2725",0.623922878846864
"2726",0.567826313320775
"2727",0.514680776771449
"2728",0.47428852333664
"2729",0.436413841639311
"2730",0.404031527691262
"2731",0.375384212113711
"2732",0.353634156090812
"2733",0.336351789697193
"2734",0.317200212517235
"2735",0.301816575159992
"2736",0.291466287749063
"2737",0.289396741633807
"2738",0.296460673535545
"2739",0.312385631101091
"2740",0.340594232524293
"2741",0.387469715603247
"2742",0.454316603863439
"2743",0.553809987152289
"2744",0.743763834825263
"2745",1.71334032963015
"2746",3.21780270735381
"2747",0.0795296778881244
"2748",0.00874980987575368
"2749",0.00288038406730351
"2750",0.76301201452345
"2751",0.879958902055107
"2752",1.06299285656457
"2753",1.11319858829937
"2754",0.977555565617118
"2755",0.801413342093565
"2756",0.656406292357494
"2757",0.500297166672562
"2758",0.356196201711543
"2759",0.28814909682916
"2760",0.286299534215955
"2761",0.26436228557613
"2762",0.260444291848766
"2763",0.281110110722245
"2764",0.310815539489766
"2765",0.338955452483285
"2766",0.349796595146138
"2767",0.331683105262572
"2768",0.311598237088479
"2769",0.299562758763802
"2770",0.293360187244358
"2771",0.28881202061271
"2772",0.286353380565128
"2773",0.287309428503202
"2774",0.288205878357021
"2775",0.289812339556495
"2776",0.294647104639185
"2777",0.298334328264894
"2778",0.299190096766474
"2779",0.299330178808669
"2780",0.305137222131975
"2781",0.318100138069355
"2782",0.33967982876917
"2783",0.369310738322255
"2784",0.39958431351331
"2785",0.432204503273697
"2786",0.470431325933513
"2787",0.503231380371654
"2788",0.526576187948629
"2789",0.554119467892519
"2790",0.582298288222578
"2791",0.603470798829256
"2792",0.621035014494985
"2793",0.622978303966213
"2794",0.622553276098915
"2795",0.615963826216045
"2796",0.605995521158437
"2797",0.595364577440756
"2798",0.591642640094203
"2799",0.600277080132761
"2800",0.606975571681635
"2801",0.617773597012705
"2802",0.621810374746215
"2803",0.584916838880402
"2804",0.531834589164299
"2805",0.387400399580253
"2806",0.36449091176191
"2807",0.346054069669632
"2808",0.326125088523227
"2809",0.306754715796424
"2810",0.292904668759108
"2811",0.287564353140312
"2812",0.288690284668727
"2813",0.298004702629479
"2814",0.317795418784337
"2815",0.354884386207921
"2816",0.416442265747415
"2817",0.521709366592011
"2818",0.725824027403243
"2819",1.81787263824887
"2820",2.95082594346049
"2821",0.0978632449761145
"2822",0.00921148744100372
"2823",0.00305925543730511
"2824",0.801687586293063
"2825",0.76234517665218
"2826",0.724962587755042
"2827",0.638108701155259
"2828",0.519195750112947
"2829",0.380544295515328
"2830",0.259891613286865
"2831",0.228221301474369
"2832",0.230261168587736
"2833",0.23945309847084
"2834",0.254064624707911
"2835",0.272667070864395
"2836",0.296103048226546
"2837",0.323496228022973
"2838",0.346332569617358
"2839",0.345229764297086
"2840",0.330135074771303
"2841",0.319129935232935
"2842",0.314542801410187
"2843",0.309953004752785
"2844",0.307699374293609
"2845",0.305360257873136
"2846",0.305218176333518
"2847",0.307784753156862
"2848",0.312240188578992
"2849",0.314485246215012
"2850",0.315401069993435
"2851",0.318208950243467
"2852",0.323878065388861
"2853",0.33705769897561
"2854",0.35699639455478
"2855",0.383268326669231
"2856",0.410604027393734
"2857",0.439532180718671
"2858",0.47345517690454
"2859",0.503679498894131
"2860",0.530723983976226
"2861",0.554103354095057
"2862",0.565056741167085
"2863",0.564489494426618
"2864",0.564994446406224
"2865",0.563107058719729
"2866",0.561042346016301
"2867",0.554106870214929
"2868",0.545834952758772
"2869",0.53852370253335
"2870",0.53631650511885
"2871",0.540092566431691
"2872",0.545422890592928
"2873",0.565018862134749
"2874",0.584264905211162
"2875",0.382825996711595
"2876",0.35709334678267
"2877",0.336261957077254
"2878",0.317473185809283
"2879",0.301032693211194
"2880",0.290294253504635
"2881",0.283837399595441
"2882",0.287304909881747
"2883",0.302735647129674
"2884",0.335197890642576
"2885",0.393872730800875
"2886",0.48999199556026
"2887",0.689454913088941
"2888",1.88564833051564
"2889",2.91740414797494
"2890",0.174298222338513
"2891",0.0103594353208354
"2892",0.00335341227422381
"2893",0.00227701477319772
"2894",0.418292313944554
"2895",0.337883892948533
"2896",0.269387044934523
"2897",0.236043233063958
"2898",0.229531781143086
"2899",0.230253785628531
"2900",0.236388825695626
"2901",0.249697468085966
"2902",0.267543331686922
"2903",0.290066277336284
"2904",0.31728806464118
"2905",0.345047413210526
"2906",0.362927196002759
"2907",0.356693721279178
"2908",0.349845190055373
"2909",0.344186289026164
"2910",0.336333574213647
"2911",0.33245887110069
"2912",0.327877875582434
"2913",0.326488202688264
"2914",0.329569541626877
"2915",0.334060171206255
"2916",0.335325135322727
"2917",0.335601152343183
"2918",0.338553469422118
"2919",0.344577748479912
"2920",0.357884290661845
"2921",0.376258510853813
"2922",0.399688915000119
"2923",0.424681300470386
"2924",0.446947553140934
"2925",0.470337694770856
"2926",0.488576447473251
"2927",0.505400907876465
"2928",0.513264860719798
"2929",0.512599776150297
"2930",0.505551324262335
"2931",0.507480863295852
"2932",0.509030938674312
"2933",0.506334448911793
"2934",0.499669856945239
"2935",0.490294467296124
"2936",0.485798929659091
"2937",0.485841207889134
"2938",0.491087075604922
"2939",0.498882003773985
"2940",0.5149300875574
"2941",0.366509280978433
"2942",0.34236188940356
"2943",0.320540427495854
"2944",0.299276378086069
"2945",0.284001465805187
"2946",0.275483319124878
"2947",0.279114674269887
"2948",0.296367005969337
"2949",0.331368244491651
"2950",0.388666809855502
"2951",0.479143123468284
"2952",0.649190056196949
"2953",1.39659128730854
"2954",3.43727407520452
"2955",0.401141074127031
"2956",0.0121260125253859
"2957",0.00351043933536934
"2958",0.00245990752652004
"2959",0.240023962206164
"2960",0.228767210724559
"2961",0.22585461244902
"2962",0.230896202237596
"2963",0.244398531600391
"2964",0.261985006152158
"2965",0.283015947842954
"2966",0.308930353359394
"2967",0.338115021671798
"2968",0.370289436306064
"2969",0.387879209089107
"2970",0.381712647207321
"2971",0.372853882639352
"2972",0.365301299758397
"2973",0.358847698260183
"2974",0.353476738166657
"2975",0.351156678810198
"2976",0.353321946053803
"2977",0.358156151946874
"2978",0.358034668728645
"2979",0.356576045534551
"2980",0.358707371773335
"2981",0.364619798195265
"2982",0.376190267927437
"2983",0.393252202143938
"2984",0.412799819218371
"2985",0.433552810622468
"2986",0.436417595700374
"2987",0.437634129619171
"2988",0.439237568682347
"2989",0.448748655140069
"2990",0.453621736590354
"2991",0.451727040083114
"2992",0.448888377834027
"2993",0.454064532106798
"2994",0.456204433223785
"2995",0.455771739212506
"2996",0.450235173306559
"2997",0.441814713547429
"2998",0.439986586311514
"2999",0.4422443206503
"3000",0.449576511782728
"3001",0.370025886073478
"3002",0.338561292237749
"3003",0.312408610344079
"3004",0.291704346795497
"3005",0.27529780603272
"3006",0.266663143541616
"3007",0.270788851080185
"3008",0.290684999036712
"3009",0.331488926271076
"3010",0.400120710751214
"3011",0.509955444295792
"3012",0.808252241341167
"3013",1.93670744492476
"3014",3.09963295882694
"3015",0.661420703290791
"3016",0.0154379143149572
"3017",0.00394930195523104
"3018",0.00278805812649323
"3019",0.396171198826456
"3020",0.387463545047185
"3021",0.381723283773553
"3022",0.378081971444595
"3023",0.379342173859433
"3024",0.383528227824928
"3025",0.380765663115409
"3026",0.377402873811372
"3027",0.380539889146919
"3028",0.384076156453478
"3029",0.387615762413306
"3030",0.393405663073729
"3031",0.397910130713569
"3032",0.402929161167172
"3033",0.395924828241192
"3034",0.388044127706979
"3035",0.387869689173158
"3036",0.396265342243745
"3037",0.398185531090645
"3038",0.399097641806569
"3039",0.400247806113844
"3040",0.403268712919709
"3041",0.405827809756414
"3042",0.407465211741725
"3043",0.403593004622673
"3044",0.398101691422951
"3045",0.404566962664229
"3046",0.363741471689984
"3047",0.330723256085298
"3048",0.305274096902886
"3049",0.285747402543109
"3050",0.270701136029763
"3051",0.26200398205206
"3052",0.266459652372962
"3053",0.286156624763958
"3054",0.325862989000355
"3055",0.395290520028203
"3056",0.512568586847979
"3057",0.765185117641287
"3058",1.94597999217875
"3059",3.09651596591973
"3060",1.145676389655
"3061",0.0241793873213362
"3062",0.00463145288445248
"3063",0.00310640164188291
"3064",0.393855580060039
"3065",0.386465555122717
"3066",0.376082976084777
"3067",0.36448859770399
"3068",0.35555617656175
"3069",0.349900929941283
"3070",0.34589654253668
"3071",0.341746656458131
"3072",0.337671271282243
"3073",0.338693032724471
"3074",0.342886285290773
"3075",0.343824607697235
"3076",0.344847578728046
"3077",0.349029312977783
"3078",0.354387172940064
"3079",0.356030631622066
"3080",0.355243326640651
"3081",0.403975063654562
"3082",0.361640618140165
"3083",0.328837013703653
"3084",0.302980770627967
"3085",0.282613735212757
"3086",0.267131171332181
"3087",0.260604027642697
"3088",0.264036402087524
"3089",0.279025616246644
"3090",0.311109216139133
"3091",0.365150706175266
"3092",0.453182411579209
"3093",0.600586672424784
"3094",1.17506906725251
"3095",3.25125776976608
"3096",2.17853954735858
"3097",0.055765348378002
"3098",0.00578058846891895
"3099",0.00331605932327621
"3100",0.309490598863436
"3101",0.304824677086981
"3102",0.30275094259338
"3103",0.302568547879376
"3104",0.304886671635624
"3105",0.3077742916105
"3106",0.309880918924012
"3107",0.450313699819701
"3108",0.406928987676023
"3109",0.364712174177677
"3110",0.329912636635741
"3111",0.302358298177019
"3112",0.282526993232167
"3113",0.266905364946035
"3114",0.259686940702989
"3115",0.260743955944683
"3116",0.271526172862257
"3117",0.295515788438702
"3118",0.3383371641316
"3119",0.413890533041494
"3120",0.545071524328454
"3121",0.973730586327187
"3122",3.06305322513937
"3123",2.49231933970772
"3124",0.0949061251869841
"3125",0.00721364496933497
"3126",0.00346506047733989
"3127",0.451958125038304
"3128",0.416535591011356
"3129",0.373668367970895
"3130",0.338103905083044
"3131",0.310366262277143
"3132",0.288810235192639
"3133",0.272435207647259
"3134",0.262431753738207
"3135",0.259051309462965
"3136",0.266209409817623
"3137",0.286209022517849
"3138",0.327124783542717
"3139",0.399729054547858
"3140",0.523394604538855
"3141",0.903022106826686
"3142",3.01031251691678
"3143",2.33067714124615
"3144",0.161787528159341
"3145",0.00850537608711666
"3146",0.00332023764218473
"3147",0.418323791505098
"3148",0.434436560014723
"3149",0.422062364363162
"3150",0.386525512626701
"3151",0.351394293484797
"3152",0.320577281121803
"3153",0.295576604291623
"3154",0.275942011444194
"3155",0.262494079627643
"3156",0.257446658313138
"3157",0.261856488229566
"3158",0.280427624548969
"3159",0.318673140931357
"3160",0.384881605204759
"3161",0.492887852889984
"3162",0.86765478622112
"3163",2.72339739921566
"3164",2.31995592744845
"3165",0.30800230034194
"3166",0.0128234229933255
"3167",0.00336647757495371
"3168",0.383223207015688
"3169",0.400258002885038
"3170",0.409874000614816
"3171",0.391909685312722
"3172",0.357402404543772
"3173",0.325087362884884
"3174",0.297618836949602
"3175",0.275478840409684
"3176",0.261592663129597
"3177",0.255043148782964
"3178",0.258925277965474
"3179",0.276345461968967
"3180",0.313798468900549
"3181",0.377583788750281
"3182",0.488133041973802
"3183",1.00282593468036
"3184",2.95328827399965
"3185",2.70763496919866
"3186",0.516765392610585
"3187",0.0223625836166745
"3188",0.0035208406739962
"3189",0.337973050276496
"3190",0.352379349109813
"3191",0.367437708636213
"3192",0.380647915189248
"3193",0.382243250231948
"3194",0.356478630077349
"3195",0.325828042361691
"3196",0.298424738611683
"3197",0.275235018876178
"3198",0.260780975225603
"3199",0.254456375906179
"3200",0.257073553475514
"3201",0.272699878912637
"3202",0.306959740276272
"3203",0.367663753568628
"3204",0.467359461224727
"3205",0.954531690826807
"3206",2.715560812228
"3207",2.58730862097011
"3208",0.862527868507173
"3209",0.0469783724181921
"3210",0.00402139414889525
"3211",0.313891575834501
"3212",0.326398522413139
"3213",0.341402613199564
"3214",0.35056990010287
"3215",0.361423301298885
"3216",0.355904331216315
"3217",0.327799970542994
"3218",0.301184857266245
"3219",0.27883986123702
"3220",0.263228905708034
"3221",0.255102039030145
"3222",0.255813535615068
"3223",0.268442355198141
"3224",0.297810061463708
"3225",0.350882701409425
"3226",0.442686105629165
"3227",0.757152748289882
"3228",2.2386210513585
"3229",3.39063918838536
"3230",1.87373979279452
"3231",0.111866674449657
"3232",0.00536275205655103
"3233",0.293657762389201
"3234",0.302836357818273
"3235",0.311544843490056
"3236",0.318913149427529
"3237",0.330437145164902
"3238",0.343420515454317
"3239",0.332172231102338
"3240",0.305295209856999
"3241",0.28239975315154
"3242",0.264756177797284
"3243",0.254610917236655
"3244",0.253618735137132
"3245",0.264821355487214
"3246",0.290946697983195
"3247",0.341555790836269
"3248",0.427611929277048
"3249",0.571626633821771
"3250",1.18605024535055
"3251",2.83116643208068
"3252",2.54446021957684
"3253",0.27968669119583
"3254",0.00886960166868312
"3255",0.271280109320851
"3256",0.28000019819238
"3257",0.285130283589478
"3258",0.289884580233011
"3259",0.297339387638082
"3260",0.310622473589933
"3261",0.327032608370677
"3262",0.333113533606305
"3263",0.310377675516208
"3264",0.285779968611146
"3265",0.267416761517077
"3266",0.256493817561771
"3267",0.253899905134004
"3268",0.262323509088786
"3269",0.286004209256946
"3270",0.330675323083892
"3271",0.40702510877823
"3272",0.533305369643896
"3273",0.972479103399573
"3274",2.36768657689293
"3275",2.99705517794138
"3276",0.538298083729303
"3277",0.0152395847342731
"3278",0.264015925592635
"3279",0.265383234683255
"3280",0.268721392871724
"3281",0.276915162805942
"3282",0.29023174502807
"3283",0.307121053745249
"3284",0.323542926613026
"3285",0.315278294680771
"3286",0.291420851047837
"3287",0.270585018753178
"3288",0.258860292911044
"3289",0.254298023249464
"3290",0.260255372055308
"3291",0.280526352616901
"3292",0.321931965912406
"3293",0.391840000166885
"3294",0.508599181632129
"3295",0.747071277131515
"3296",1.4814069862402
"3297",3.14685554712744
"3298",1.31870464107111
"3299",0.0453114279232853
"3300",0.255178868742918
"3301",0.256444434284342
"3302",0.263271988550549
"3303",0.274594465982677
"3304",0.289550376852263
"3305",0.307404870515632
"3306",0.315452005735441
"3307",0.296128903816532
"3308",0.274964162772832
"3309",0.260625291835491
"3310",0.25441986058593
"3311",0.258090012810434
"3312",0.275491971243013
"3313",0.312771795951124
"3314",0.377258282540089
"3315",0.480391110592359
"3316",0.667412110798213
"3317",1.30743926534919
"3318",3.0363795340437
"3319",2.2391179681848
"3320",0.161674493505138
"3321",0.00472011602140824
"3322",0.256881712885202
"3323",0.265778944022949
"3324",0.278314635101884
"3325",0.295021886640623
"3326",0.311671422973968
"3327",0.302939160995413
"3328",0.281922639130904
"3329",0.26656994566411
"3330",0.257847770053994
"3331",0.260820918162436
"3332",0.27624750535246
"3333",0.310984577002383
"3334",0.372520825037495
"3335",0.474389460802708
"3336",0.719363592665144
"3337",1.87421092937513
"3338",3.04064179323545
"3339",3.12661969746632
"3340",0.412687407046492
"3341",0.0146594329548936
"3342",0.260242215515508
"3343",0.270585294567893
"3344",0.285740475162675
"3345",0.304453265332659
"3346",0.304594111480963
"3347",0.286814913030546
"3348",0.271992093766848
"3349",0.262404083530005
"3350",0.264578874776134
"3351",0.280302710454265
"3352",0.314566696389918
"3353",0.376820957136866
"3354",0.47863647764727
"3355",0.68038144472964
"3356",1.25185809844403
"3357",2.1324203528668
"3358",3.48492972461331
"3359",1.27250630420275
"3360",0.04898016111813
"3361",0.261628831456829
"3362",0.274044320383962
"3363",0.290449777073125
"3364",0.300557520746707
"3365",0.289524665307029
"3366",0.276813860947849
"3367",0.268266213232547
"3368",0.267706230368321
"3369",0.279580058317521
"3370",0.306990318457662
"3371",0.355462557561037
"3372",0.437165991139871
"3373",0.557108953429377
"3374",0.718423792760753
"3375",1.0549433715138
"3376",2.14466233485446
"3377",3.84674403792302
"3378",0.307866210803363
"3379",0.0176138430468102
"3380",0.281568222917432
"3381",0.297006199735938
"3382",0.29405009412867
"3383",0.281094443658522
"3384",0.27301536275762
"3385",0.270440792022196
"3386",0.279399009792496
"3387",0.301753689837567
"3388",0.344389436210607
"3389",0.412190362106764
"3390",0.502140345668081
"3391",0.62055005155978
"3392",0.859910357481225
"3393",1.59627509241558
"3394",3.78582510679599
"3395",0.686677052244252
"3396",0.0491576930720063
"3397",0.287825583592733
"3398",0.298816239128152
"3399",0.289504818036163
"3400",0.279375140829317
"3401",0.274646543375298
"3402",0.278422164517264
"3403",0.294077883405189
"3404",0.325156609897368
"3405",0.374506740377165
"3406",0.448418516785351
"3407",0.553860155689846
"3408",0.74109067691157
"3409",1.30082728150371
"3410",3.09108571847261
"3411",2.66942175319505
"3412",0.542212347037984
"3413",0.0398014286190317
"3414",0.304189183251632
"3415",0.291387637776791
"3416",0.2837296849056
"3417",0.283438992085047
"3418",0.292671961455954
"3419",0.313386480908775
"3420",0.352170745596753
"3421",0.4200586164795
"3422",0.521732936369147
"3423",0.696210573711398
"3424",1.11452049383855
"3425",2.38058162895425
"3426",3.58078499553017
"3427",3.66746367143413
"3428",1.38512667286466
"3429",0.0901855770196085
"3430",0.297676344166529
"3431",0.295364507773761
"3432",0.299811944964011
"3433",0.316048601990272
"3434",0.350741206690882
"3435",0.412167857836855
"3436",0.50434587707914
"3437",0.648444127714447
"3438",0.899563973825378
"3439",1.5951294227345
"3440",2.28912134763434
"3441",3.34674813344548
"3442",3.64081869534162
"3443",2.54371720227145
"3444",0.527298772807192
"3445",0.0274274099692991
"3446",0.306483372985397
"3447",0.311479617331626
"3448",0.326213812218427
"3449",0.353481008274368
"3450",0.401818763004922
"3451",0.470618367717472
"3452",0.581637991372196
"3453",0.742479367723521
"3454",1.01554332055377
"3455",1.52220221692663
"3456",3.11766921971096
"3457",3.87164833968582
"3458",4.27826704876524
"3459",4.68217344135289
"3460",2.4292666339854
"3461",0.107110733935985
"3462",0.34609959719296
"3463",0.371263969539012
"3464",0.416112415088579
"3465",0.479202391126584
"3466",0.562265981069758
"3467",0.675462358335666
"3468",0.870829658738048
"3469",1.41149886729235
"3470",2.35066472910232
"3471",3.36788519307271
"3472",4.16268076171132
"3473",4.47252042993812
"3474",3.21237130831853
"3475",0.753428912327302
"3476",0.106099690174584
"3477",0.0107055105944712
"3478",0.000232932184374192
"3479",0.420383800358889
"3480",0.479073781946273
"3481",0.567894134327433
"3482",0.657988368048885
"3483",0.740779514040494
"3484",0.930196826683262
"3485",1.23118909235495
"3486",1.93458854184913
"3487",3.39584147233242
"3488",4.10967936447014
"3489",3.54868069167309
"3490",2.9195035792913
"3491",1.54888225068588
"3492",0.728372155273386
"3493",0.249659131651156
"3494",0.0503664971227374
"3495",0.00542032960924675
"3496",0.000175870812017743
"3497",0.000203228771931675
"3498",0.000310443593182179
"3499",0.000687165829335866
"3500",0.675268107598807
"3501",0.840198589630808
"3502",0.899773795890816
"3503",1.06806769220942
"3504",1.45901928749225
"3505",3.21609043669196
"3506",4.25074508071919
"3507",4.32135363321343
"3508",3.07213637166857
"3509",2.69227044520829
"3510",2.44628771572768
"3511",1.70676965551644
"3512",0.817021585108151
"3513",0.382051936846844
"3514",0.150305911614948
"3515",0.0530445169457264
"3516",0.015322538026659
"3517",0.00293941346719744
"3518",0.000190377730320782
"3519",0.000243395418403491
"3520",0.0003321312570756
"3521",0.000675417944999706
"3522",0.00177498408658945
"3523",1.17988617482794
"3524",1.28670302859052
"3525",1.71806916429693
"3526",3.113843670492
"3527",4.34539049986161
"3528",3.89875178149824
"3529",3.25385553328325
"3530",3.4640594285163
"3531",3.46961040952062
"3532",2.34903926089716
"3533",1.32201692082181
"3534",0.814022877594418
"3535",0.622022647700304
"3536",0.559183401551173
"3537",0.517618246240042
"3538",0.35022813151661
"3539",0.150813437826411
"3540",0.0547597846460607
"3541",0.0237433739635585
"3542",0.0136506465439409
"3543",0.0118177194367516
"3544",0.0129941949121957
"3545",0.0105779031132836
"3546",0.00557668452445078
"3547",0.00327192866810889
"3548",0.00227487395254244
"3549",0.00154943839520333
"3550",0.00106531957105958
"3551",0.000926357164432656
"3552",0.00072225217631802
"3553",0.000573035433894642
"3554",0.000521234479121055
"3555",0.000614134293414284
"3556",0.000813827462744529
"3557",0.00106381254876589
"3558",0.0014775315497117
"3559",0.00295999547865495
"3560",1.93871053441114
"3561",2.43822083669651
"3562",3.76794754241753
"3563",4.46161460240925
"3564",4.40165667695803
"3565",4.50609382136587
"3566",3.62205429911408
"3567",2.36519765976327
"3568",1.58358065158901
"3569",1.12695903737266
"3570",1.11995074492024
"3571",1.29249959950527
"3572",1.62939541945555
"3573",1.27440928365967
"3574",0.599697001095777
"3575",0.340553496702636
"3576",0.21021326247256
"3577",0.151634839046268
"3578",0.123997891017719
"3579",0.109305814404009
"3580",0.102703232878953
"3581",0.0947966947049347
"3582",0.0840791987651906
"3583",0.0708962186320665
"3584",0.0526214838216181
"3585",0.0343733991493392
"3586",0.023602141239345
"3587",0.0167128478394863
"3588",0.0132495941683959
"3589",0.0142416571084152
"3590",0.0196825194993098
"3591",0.029567136435948
"3592",0.0318079136717906
"3593",3.70824676066874
"3594",4.32147893254675
"3595",4.40176266284062
"3596",3.44974873954876
"3597",2.37865670249535
"3598",1.64554700057012
"3599",1.42417824292926
"3600",1.60420456425509
"3601",2.06264257233712
"3602",2.53522545066104
"3603",1.54465442456349
"3604",0.819264874367787
"3605",0.544628815940003
"3606",0.384989609144368
"3607",0.292388528953662
"3608",0.235428378435437
"3609",0.20554730519653
"3610",0.191287205897679
"3611",0.189562022619536
"3612",0.18499953687676
"3613",0.168598331127772
"3614",0.138685249606018
"3615",0.115186091855805
"3616",0.0944830450144337
"3617",0.0801633527663817
"3618",0.0725556839220671
"3619",0.0755294580966088
"3620",0.0927529288193226
"3621",0.106175341044192
"3622",3.09570959571065
"3623",2.30349656291902
"3624",1.66708994959533
"3625",1.78114409176769
"3626",2.10279271434774
"3627",2.57688802013798
"3628",2.72167358843375
"3629",1.71744036800029
"3630",0.989858175281443
"3631",0.736922921401024
"3632",0.571781041660425
"3633",0.452066440036436
"3634",0.374579982903528
"3635",0.334598581103029
"3636",0.315593317956466
"3637",0.2909628947757
"3638",0.283220386298529
"3639",0.250351439163735
"3640",0.239496759360117
"3641",0.187021393219853
"3642",0.154604738409507
"3643",0.136316975165301
"3644",0.129336536952963
"3645",0.132349772713036
"3646",0.131175556994655
"3647",3.2678505990741
"3648",3.07962646377983
"3649",1.90588431840487
"3650",1.29384570745307
"3651",0.635548197823964
"3652",0.562143206493521
"3653",0.536337452932253
"3654",0.519394808376864
"3655",0.493098181744589
"3656",0.422393157364228
"3657",0.35883564512175
"3658",0.309196203020867
"3659",0.26855177138508
"3660",0.235680105026011
"3661",0.209456402058741
"3662",0.187460452190029
"3663",0.165275013518445
